grade,section,roll_number,student_name,student_id,filename,folder,relative_path,labeled_at
3,A,1,"",G3_A_Roll01,"IMG_20261006_101258.jpg","Grade 3","Grade 3/IMG_20261006_101258.jpg","2026-10-08T16:43:38.321Z"
3,A,2,"",G3_A_Roll02,"IMG_20261006_101307.jpg","Grade 3","Grade 3/IMG_20261006_101307.jpg","2026-10-08T16:43:40.010Z"
3,A,3,"",G3_A_Roll03,"IMG_20261006_101411.jpg","Grade 3","Grade 3/IMG_20261006_101411.jpg","2026-10-08T16:43:40.827Z"
3,A,5,"",G3_A_Roll05,"IMG_20261006_101440.jpg","Grade 3","Grade 3/IMG_20261006_101440.jpg","2026-10-08T16:43:43.290Z"
3,A,6,"",G3_A_Roll06,"IMG_20261006_101453.jpg","Grade 3","Grade 3/IMG_20261006_101453.jpg","2026-10-08T16:43:44.302Z"
3,A,7,"",G3_A_Roll07,"IMG_20261006_101503.jpg","Grade 3","Grade 3/IMG_20261006_101503.jpg","2026-10-08T16:43:45.203Z"
3,A,8,"",G3_A_Roll08,"IMG_20261006_101513.jpg","Grade 3","Grade 3/IMG_20261006_101513.jpg","2026-10-08T16:43:46.067Z"
3,A,9,"",G3_A_Roll09,"IMG_20261006_101526.jpg","Grade 3","Grade 3/IMG_20261006_101526.jpg","2026-10-08T16:43:46.992Z"
3,A,10,"",G3_A_Roll10,"IMG_20261006_101549.jpg","Grade 3","Grade 3/IMG_20261006_101549.jpg","2026-10-08T16:43:49.128Z"
3,A,12,"",G3_A_Roll12,"IMG_20261006_101623.jpg","Grade 3","Grade 3/IMG_20261006_101623.jpg","2026-10-08T16:43:51.174Z"
3,A,14,"",G3_A_Roll14,"IMG_20261006_101637.jpg","Grade 3","Grade 3/IMG_20261006_101637.jpg","2026-10-08T16:45:21.533Z"
3,A,13,"",G3_A_Roll13,"IMG_20261006_101650.jpg","Grade 3","Grade 3/IMG_20261006_101650.jpg","2026-10-08T16:45:24.390Z"
3,A,15,"",G3_A_Roll15,"IMG_20261006_101705.jpg","Grade 3","Grade 3/IMG_20261006_101705.jpg","2026-10-08T16:45:26.377Z"
3,A,16,"",G3_A_Roll16,"IMG_20261006_101723.jpg","Grade 3","Grade 3/IMG_20261006_101723.jpg","2026-10-08T16:45:29.397Z"
3,A,17,"",G3_A_Roll17,"IMG_20261006_101745.jpg","Grade 3","Grade 3/IMG_20261006_101745.jpg","2026-10-08T16:45:31.466Z"
3,A,19,"",G3_A_Roll19,"IMG_20261006_101759.jpg","Grade 3","Grade 3/IMG_20261006_101759.jpg","2026-10-08T16:45:33.515Z"
3,A,20,"",G3_A_Roll20,"IMG_20261006_101813.jpg","Grade 3","Grade 3/IMG_20261006_101813.jpg","2026-10-08T16:45:35.009Z"
3,A,21,"",G3_A_Roll21,"IMG_20261006_101826.jpg","Grade 3","Grade 3/IMG_20261006_101826.jpg","2026-10-08T16:45:36.928Z"
3,A,22,"",G3_A_Roll22,"IMG_20261006_101839.jpg","Grade 3","Grade 3/IMG_20261006_101839.jpg","2026-10-08T16:45:37.876Z"
3,A,23,"",G3_A_Roll23,"IMG_20261006_101850.jpg","Grade 3","Grade 3/IMG_20261006_101850.jpg","2026-10-08T16:45:39.092Z"
3,A,4,"",G3_A_Roll04,"IMG_20261006_101952.jpg","Grade 3","Grade 3/IMG_20261006_101952.jpg","2026-10-08T16:45:55.853Z"
4,A,1,"",G4_A_Roll01,"DocScanner 06-Oct-2026 10-11 AM_1.jpeg","grade 4/future_gen_4","grade 4/future_gen_4/DocScanner 06-Oct-2026 10-11 AM_1.jpeg","2026-10-06T16:29:52.120Z"
4,A,11,"",G4_A_Roll11,"DocScanner 06-Oct-2026 10-11 AM_10.jpeg","grade 4/future_gen_4","grade 4/future_gen_4/DocScanner 06-Oct-2026 10-11 AM_10.jpeg","2026-10-06T16:29:53.913Z"
4,A,12,"",G4_A_Roll12,"DocScanner 06-Oct-2026 10-11 AM_11.jpeg","grade 4/future_gen_4","grade 4/future_gen_4/DocScanner 06-Oct-2026 10-11 AM_11.jpeg","2026-10-06T16:29:55.169Z"
4,A,13,"",G4_A_Roll13,"DocScanner 06-Oct-2026 10-11 AM_12.jpeg","grade 4/future_gen_4","grade 4/future_gen_4/DocScanner 06-Oct-2026 10-11 AM_12.jpeg","2026-10-06T16:29:56.658Z"
4,A,14,"",G4_A_Roll14,"DocScanner 06-Oct-2026 10-11 AM_13.jpeg","grade 4/future_gen_4","grade 4/future_gen_4/DocScanner 06-Oct-2026 10-11 AM_13.jpeg","2026-10-06T16:29:57.913Z"
4,A,15,"",G4_A_Roll15,"DocScanner 06-Oct-2026 10-11 AM_14.jpeg","grade 4/future_gen_4","grade 4/future_gen_4/DocScanner 06-Oct-2026 10-11 AM_14.jpeg","2026-10-06T16:29:59.170Z"
4,A,16,"",G4_A_Roll16,"DocScanner 06-Oct-2026 10-11 AM_15.jpeg","grade 4/future_gen_4","grade 4/future_gen_4/DocScanner 06-Oct-2026 10-11 AM_15.jpeg","2026-10-06T16:30:00.399Z"
4,A,17,"",G4_A_Roll17,"DocScanner 06-Oct-2026 10-11 AM_16.jpeg","grade 4/future_gen_4","grade 4/future_gen_4/DocScanner 06-Oct-2026 10-11 AM_16.jpeg","2026-10-06T16:30:01.843Z"
4,A,18,"",G4_A_Roll18,"DocScanner 06-Oct-2026 10-11 AM_17.jpeg","grade 4/future_gen_4","grade 4/future_gen_4/DocScanner 06-Oct-2026 10-11 AM_17.jpeg","2026-10-06T16:30:03.537Z"
4,A,19,"",G4_A_Roll19,"DocScanner 06-Oct-2026 10-11 AM_18.jpeg","grade 4/future_gen_4","grade 4/future_gen_4/DocScanner 06-Oct-2026 10-11 AM_18.jpeg","2026-10-06T16:30:05.531Z"
4,A,20,"",G4_A_Roll20,"DocScanner 06-Oct-2026 10-11 AM_19.jpeg","grade 4/future_gen_4","grade 4/future_gen_4/DocScanner 06-Oct-2026 10-11 AM_19.jpeg","2026-10-06T16:30:07.291Z"
4,A,2,"",G4_A_Roll02,"DocScanner 06-Oct-2026 10-11 AM_2.jpeg","grade 4/future_gen_4","grade 4/future_gen_4/DocScanner 06-Oct-2026 10-11 AM_2.jpeg","2026-10-06T16:30:09.689Z"
4,A,22,"",G4_A_Roll22,"DocScanner 06-Oct-2026 10-11 AM_20.jpeg","grade 4/future_gen_4","grade 4/future_gen_4/DocScanner 06-Oct-2026 10-11 AM_20.jpeg","2026-10-06T16:30:11.030Z"
4,A,23,"",G4_A_Roll23,"DocScanner 06-Oct-2026 10-11 AM_21.jpeg","grade 4/future_gen_4","grade 4/future_gen_4/DocScanner 06-Oct-2026 10-11 AM_21.jpeg","2026-10-06T16:30:12.769Z"
4,A,24,"",G4_A_Roll24,"DocScanner 06-Oct-2026 10-11 AM_22.jpeg","grade 4/future_gen_4","grade 4/future_gen_4/DocScanner 06-Oct-2026 10-11 AM_22.jpeg","2026-10-06T16:30:16.413Z"
4,A,25,"",G4_A_Roll25,"DocScanner 06-Oct-2026 10-11 AM_23.jpeg","grade 4/future_gen_4","grade 4/future_gen_4/DocScanner 06-Oct-2026 10-11 AM_23.jpeg","2026-10-06T16:30:18.579Z"
4,A,26,"",G4_A_Roll26,"DocScanner 06-Oct-2026 10-11 AM_24.jpeg","grade 4/future_gen_4","grade 4/future_gen_4/DocScanner 06-Oct-2026 10-11 AM_24.jpeg","2026-10-06T16:30:37.063Z"
4,A,3,"",G4_A_Roll03,"DocScanner 06-Oct-2026 10-11 AM_3.jpeg","grade 4/future_gen_4","grade 4/future_gen_4/DocScanner 06-Oct-2026 10-11 AM_3.jpeg","2026-10-06T16:30:39.419Z"
4,A,4,"",G4_A_Roll04,"DocScanner 06-Oct-2026 10-11 AM_4.jpeg","grade 4/future_gen_4","grade 4/future_gen_4/DocScanner 06-Oct-2026 10-11 AM_4.jpeg","2026-10-06T16:30:40.833Z"
4,A,5,"",G4_A_Roll05,"DocScanner 06-Oct-2026 10-11 AM_5.jpeg","grade 4/future_gen_4","grade 4/future_gen_4/DocScanner 06-Oct-2026 10-11 AM_5.jpeg","2026-10-06T16:30:42.115Z"
4,A,6,"",G4_A_Roll06,"DocScanner 06-Oct-2026 10-11 AM_6.jpeg","grade 4/future_gen_4","grade 4/future_gen_4/DocScanner 06-Oct-2026 10-11 AM_6.jpeg","2026-10-06T16:30:43.346Z"
4,A,7,"",G4_A_Roll07,"DocScanner 06-Oct-2026 10-11 AM_7.jpeg","grade 4/future_gen_4","grade 4/future_gen_4/DocScanner 06-Oct-2026 10-11 AM_7.jpeg","2026-10-06T16:31:13.265Z"
4,A,8,"",G4_A_Roll08,"DocScanner 06-Oct-2026 10-11 AM_8.jpeg","grade 4/future_gen_4","grade 4/future_gen_4/DocScanner 06-Oct-2026 10-11 AM_8.jpeg","2026-10-06T16:31:14.802Z"
4,A,9,"",G4_A_Roll09,"DocScanner 06-Oct-2026 10-11 AM_9.jpeg","grade 4/future_gen_4","grade 4/future_gen_4/DocScanner 06-Oct-2026 10-11 AM_9.jpeg","2026-10-06T16:31:23.564Z"
5,A,1,"",G5_A_Roll01,"IMG_20261006_101440.jpg","grade 5","grade 5/IMG_20261006_101440.jpg","2026-10-06T16:31:25.827Z"
5,A,2,"",G5_A_Roll02,"IMG_20261006_101521.jpg","grade 5","grade 5/IMG_20261006_101521.jpg","2026-10-06T16:31:37.281Z"
5,A,3,"",G5_A_Roll03,"IMG_20261006_101548.jpg","grade 5","grade 5/IMG_20261006_101548.jpg","2026-10-06T16:31:38.535Z"
5,A,4,"",G5_A_Roll04,"IMG_20261006_101631.jpg","grade 5","grade 5/IMG_20261006_101631.jpg","2026-10-06T16:31:39.646Z"
5,A,5,"",G5_A_Roll05,"IMG_20261006_101647.jpg","grade 5","grade 5/IMG_20261006_101647.jpg","2026-10-06T16:31:40.561Z"
5,A,6,"",G5_A_Roll06,"IMG_20261006_101700.jpg","grade 5","grade 5/IMG_20261006_101700.jpg","2026-10-06T16:31:41.591Z"
5,A,7,"",G5_A_Roll07,"IMG_20261006_101721.jpg","grade 5","grade 5/IMG_20261006_101721.jpg","2026-10-06T16:31:42.515Z"
5,A,8,"",G5_A_Roll08,"IMG_20261006_101734.jpg","grade 5","grade 5/IMG_20261006_101734.jpg","2026-10-06T16:31:43.740Z"
5,A,9,"",G5_A_Roll09,"IMG_20261006_101758.jpg","grade 5","grade 5/IMG_20261006_101758.jpg","2026-10-06T16:31:44.898Z"
5,A,10,"",G5_A_Roll10,"IMG_20261006_101814.jpg","grade 5","grade 5/IMG_20261006_101814.jpg","2026-10-06T16:31:46.817Z"
5,A,11,"",G5_A_Roll11,"IMG_20261006_101827.jpg","grade 5","grade 5/IMG_20261006_101827.jpg","2026-10-06T16:31:47.849Z"
5,A,12,"",G5_A_Roll12,"IMG_20261006_101841.jpg","grade 5","grade 5/IMG_20261006_101841.jpg","2026-10-06T16:31:49.492Z"
5,A,13,"",G5_A_Roll13,"IMG_20261006_101900.jpg","grade 5","grade 5/IMG_20261006_101900.jpg","2026-10-06T16:31:50.877Z"
5,A,14,"",G5_A_Roll14,"IMG_20261006_101918.jpg","grade 5","grade 5/IMG_20261006_101918.jpg","2026-10-06T16:31:52.234Z"
5,A,15,"",G5_A_Roll15,"IMG_20261006_101933.jpg","grade 5","grade 5/IMG_20261006_101933.jpg","2026-10-06T16:31:53.569Z"
5,A,16,"",G5_A_Roll16,"IMG_20261006_102015.jpg","grade 5","grade 5/IMG_20261006_102015.jpg","2026-10-06T16:31:54.910Z"
6,A,1,"",G6_A_Roll01,"20261006_100541.jpg","6th grade","6th grade/20261006_100541.jpg","2026-10-06T16:31:58.654Z"
6,A,2,"",G6_A_Roll02,"20261006_100654.jpg","6th grade","6th grade/20261006_100654.jpg","2026-10-06T16:31:59.999Z"
6,A,3,"",G6_A_Roll03,"20261006_100718.jpg","6th grade","6th grade/20261006_100718.jpg","2026-10-06T16:32:01.213Z"
6,A,4,"",G6_A_Roll04,"20261006_100754.jpg","6th grade","6th grade/20261006_100754.jpg","2026-10-06T16:32:02.318Z"
6,A,5,"",G6_A_Roll05,"20261006_101157.jpg","6th grade","6th grade/20261006_101157.jpg","2026-10-06T16:32:10.622Z"
6,A,7,"",G6_A_Roll07,"20261006_101224.jpg","6th grade","6th grade/20261006_101224.jpg","2026-10-06T16:32:12.418Z"
6,A,8,"",G6_A_Roll08,"20261006_101244.jpg","6th grade","6th grade/20261006_101244.jpg","2026-10-06T16:32:13.468Z"
6,A,9,"",G6_A_Roll09,"20261006_101308.jpg","6th grade","6th grade/20261006_101308.jpg","2026-10-06T16:32:15.203Z"
6,A,10,"",G6_A_Roll10,"20261006_101338.jpg","6th grade","6th grade/20261006_101338.jpg","2026-10-06T16:32:17.239Z"
6,A,11,"",G6_A_Roll11,"20261006_101356.jpg","6th grade","6th grade/20261006_101356.jpg","2026-10-06T16:32:18.463Z"
6,A,12,"",G6_A_Roll12,"20261006_101416.jpg","6th grade","6th grade/20261006_101416.jpg","2026-10-06T16:32:19.982Z"
6,A,13,"",G6_A_Roll13,"20261006_101427.jpg","6th grade","6th grade/20261006_101427.jpg","2026-10-06T16:32:21.487Z"
6,A,14,"",G6_A_Roll14,"20261006_101450.jpg","6th grade","6th grade/20261006_101450.jpg","2026-10-06T16:32:22.898Z"
6,A,15,"",G6_A_Roll15,"20261006_101518.jpg","6th grade","6th grade/20261006_101518.jpg","2026-10-06T16:32:24.169Z"
6,A,16,"",G6_A_Roll16,"20261006_101529.jpg","6th grade","6th grade/20261006_101529.jpg","2026-10-06T16:32:25.462Z"
6,A,17,"",G6_A_Roll17,"20261006_101556.jpg","6th grade","6th grade/20261006_101556.jpg","2026-10-06T16:32:26.719Z"
6,A,18,"",G6_A_Roll18,"20261006_101612.jpg","6th grade","6th grade/20261006_101612.jpg","2026-10-06T16:32:28.176Z"
6,A,19,"",G6_A_Roll19,"20261006_101650.jpg","6th grade","6th grade/20261006_101650.jpg","2026-10-06T16:32:29.652Z"
6,A,20,"",G6_A_Roll20,"20261006_101715.jpg","6th grade","6th grade/20261006_101715.jpg","2026-10-06T16:32:31.243Z"
6,A,21,"",G6_A_Roll21,"20261006_101728.jpg","6th grade","6th grade/20261006_101728.jpg","2026-10-06T16:32:32.213Z"
6,A,22,"",G6_A_Roll22,"20261006_101741.jpg","6th grade","6th grade/20261006_101741.jpg","2026-10-06T16:32:33.404Z"
6,A,23,"",G6_A_Roll23,"20261006_101748.jpg","6th grade","6th grade/20261006_101748.jpg","2026-10-06T16:32:34.404Z"
6,A,24,"",G6_A_Roll24,"20261006_101800.jpg","6th grade","6th grade/20261006_101800.jpg","2026-10-06T16:32:35.909Z"
6,A,25,"",G6_A_Roll25,"20261006_101811.jpg","6th grade","6th grade/20261006_101811.jpg","2026-10-06T16:32:37.067Z"
6,A,26,"",G6_A_Roll26,"20261006_101819.jpg","6th grade","6th grade/20261006_101819.jpg","2026-10-06T16:32:38.286Z"
6,A,27,"",G6_A_Roll27,"20261006_101834.jpg","6th grade","6th grade/20261006_101834.jpg","2026-10-06T16:32:39.534Z"
6,A,28,"",G6_A_Roll28,"20261006_101903.jpg","6th grade","6th grade/20261006_101903.jpg","2026-10-06T16:32:41.673Z"
6,A,29,"",G6_A_Roll29,"20261006_101929.jpg","6th grade","6th grade/20261006_101929.jpg","2026-10-06T16:32:43.115Z"
6,A,30,"",G6_A_Roll30,"20261006_101942.jpg","6th grade","6th grade/20261006_101942.jpg","2026-10-06T16:32:45.036Z"
7,A,1,"",G7_A_Roll01,"IMG_20261006_100404.jpg","Grade 7","Grade 7/IMG_20261006_100404.jpg","2026-10-06T16:32:55.637Z"
7,A,2,"",G7_A_Roll02,"IMG_20261006_100451.jpg","Grade 7","Grade 7/IMG_20261006_100451.jpg","2026-10-06T16:33:15.904Z"
7,A,3,"",G7_A_Roll03,"IMG_20261006_100527.jpg","Grade 7","Grade 7/IMG_20261006_100527.jpg","2026-10-06T16:33:21.847Z"
7,A,4,"",G7_A_Roll04,"IMG_20261006_100536.jpg","Grade 7","Grade 7/IMG_20261006_100536.jpg","2026-10-06T16:33:23.157Z"
7,A,5,"",G7_A_Roll05,"IMG_20261006_100545.jpg","Grade 7","Grade 7/IMG_20261006_100545.jpg","2026-10-06T16:33:24.089Z"
7,A,6,"",G7_A_Roll06,"IMG_20261006_100554.jpg","Grade 7","Grade 7/IMG_20261006_100554.jpg","2026-10-06T16:33:24.942Z"
7,A,7,"",G7_A_Roll07,"IMG_20261006_100609.jpg","Grade 7","Grade 7/IMG_20261006_100609.jpg","2026-10-06T16:33:26.345Z"
7,A,8,"",G7_A_Roll08,"IMG_20261006_100623.jpg","Grade 7","Grade 7/IMG_20261006_100623.jpg","2026-10-06T16:33:27.520Z"
7,A,9,"",G7_A_Roll09,"IMG_20261006_100636.jpg","Grade 7","Grade 7/IMG_20261006_100636.jpg","2026-10-06T16:33:28.679Z"
7,A,10,"",G7_A_Roll10,"IMG_20261006_100717.jpg","Grade 7","Grade 7/IMG_20261006_100717.jpg","2026-10-06T16:33:30.352Z"
7,A,11,"",G7_A_Roll11,"IMG_20261006_100726.jpg","Grade 7","Grade 7/IMG_20261006_100726.jpg","2026-10-06T16:33:38.125Z"
7,A,12,"",G7_A_Roll12,"IMG_20261006_100739.jpg","Grade 7","Grade 7/IMG_20261006_100739.jpg","2026-10-06T16:33:39.939Z"
7,A,13,"",G7_A_Roll13,"IMG_20261006_100811.jpg","Grade 7","Grade 7/IMG_20261006_100811.jpg","2026-10-06T16:33:41.424Z"
7,A,14,"",G7_A_Roll14,"IMG_20261006_100836.jpg","Grade 7","Grade 7/IMG_20261006_100836.jpg","2026-10-06T16:33:43.856Z"
7,A,15,"",G7_A_Roll15,"IMG_20261006_100850.jpg","Grade 7","Grade 7/IMG_20261006_100850.jpg","2026-10-06T16:33:45.247Z"
7,A,16,"",G7_A_Roll16,"IMG_20261006_100904.jpg","Grade 7","Grade 7/IMG_20261006_100904.jpg","2026-10-06T16:33:46.680Z"
7,A,17,"",G7_A_Roll17,"IMG_20261006_100919.jpg","Grade 7","Grade 7/IMG_20261006_100919.jpg","2026-10-06T16:33:48.488Z"
7,A,18,"",G7_A_Roll18,"IMG_20261006_100930.jpg","Grade 7","Grade 7/IMG_20261006_100930.jpg","2026-10-06T16:33:50.222Z"
7,A,19,"",G7_A_Roll19,"IMG_20261006_100941.jpg","Grade 7","Grade 7/IMG_20261006_100941.jpg","2026-10-06T16:33:51.610Z"
7,A,20,"",G7_A_Roll20,"IMG_20261006_100952.jpg","Grade 7","Grade 7/IMG_20261006_100952.jpg","2026-10-06T16:33:52.808Z"
7,A,21,"",G7_A_Roll21,"IMG_20261006_101002.jpg","Grade 7","Grade 7/IMG_20261006_101002.jpg","2026-10-06T16:33:53.886Z"
7,A,22,"",G7_A_Roll22,"IMG_20261006_101011.jpg","Grade 7","Grade 7/IMG_20261006_101011.jpg","2026-10-06T16:33:54.772Z"
7,A,23,"",G7_A_Roll23,"IMG_20261006_101020.jpg","Grade 7","Grade 7/IMG_20261006_101020.jpg","2026-10-06T16:33:55.838Z"
7,A,24,"",G7_A_Roll24,"IMG_20261006_101031.jpg","Grade 7","Grade 7/IMG_20261006_101031.jpg","2026-10-06T16:33:57.031Z"
7,A,25,"",G7_A_Roll25,"IMG_20261006_101040.jpg","Grade 7","Grade 7/IMG_20261006_101040.jpg","2026-10-06T16:34:03.283Z"
