candidate_id,filename,relative_path,source_platform,context_title,source_page_url,original_image_url,width,height,filesize_kb,ai_screening_risk,ai_preliminary_label,verification_status,letter_size_cv,baseline_drift
ENG_CAND_001,ENG_CAND_001.jpg,images/ENG_CAND_001.jpg,Reddit,r/dysgraphia (top-all) | i feel this lol,https://www.reddit.com/r/dysgraphia/comments/l27go5/i_feel_this_lol/,https://i.redd.it/qqxs8dyyfpc61.jpg,983,908,113.1,67.5,Potential Dysgraphia (67.5%),PENDING_REVIEW,0.508,0.026
ENG_CAND_002,ENG_CAND_002.jpg,images/ENG_CAND_002.jpg,Reddit,"r/dysgraphia (top-all) | Could literally add a ton more on what it ""feels like""",https://www.reddit.com/r/dysgraphia/comments/m20nmk/could_literally_add_a_ton_more_on_what_it_feels/,https://i.redd.it/jmi7hg4h38m61.png,940,788,216.6,47.7,Potential Dysgraphia (47.7%),PENDING_REVIEW,0.287,0.255
ENG_CAND_003,ENG_CAND_003.jpg,images/ENG_CAND_003.jpg,Reddit,r/dysgraphia (top-all) | Best things comes in pairs,https://www.reddit.com/r/dysgraphia/comments/w9kts9/best_things_comes_in_pairs/,https://i.imgur.com/8YLigBV.jpg,889,500,132.5,76.2,Potential Dysgraphia (76.2%),PENDING_REVIEW,0.412,0.019
ENG_CAND_004,ENG_CAND_004.jpg,images/ENG_CAND_004.jpg,Reddit,r/dysgraphia (top-all) | HAVE YOU TRIED PRACTICING,https://www.reddit.com/r/dysgraphia/comments/1hicy1l/have_you_tried_practicing/,https://i.redd.it/deuzheb1xx7e1.jpeg,678,678,121.3,76.3,Potential Dysgraphia (76.3%),PENDING_REVIEW,0.593,0.13
ENG_CAND_005,ENG_CAND_005.jpg,images/ENG_CAND_005.jpg,Reddit,r/dysgraphia (top-all) | Having dyagraphia. Writing is hard and drawing is..forget it. Ive been working and practicing. A little nervous posting.,https://www.reddit.com/r/dysgraphia/comments/1qt4vts/having_dyagraphia_writing_is_hard_and_drawing/,https://i.redd.it/oldi0l3s5xgg1.jpeg,3000,4000,2692.7,71.2,Potential Dysgraphia (71.2%),PENDING_REVIEW,0.589,0.353
ENG_CAND_006,ENG_CAND_006.jpg,images/ENG_CAND_006.jpg,Reddit,r/dysgraphia (top-all) | Dysgraphia Comic,https://www.reddit.com/r/dysgraphia/comments/m1gtic/dysgraphia_comic/,https://i.redd.it/fakxsk6ul2m61.png,1080,1080,256.0,78.5,Potential Dysgraphia (78.5%),PENDING_REVIEW,0.243,0.036
ENG_CAND_007,ENG_CAND_007.jpg,images/ENG_CAND_007.jpg,Reddit,r/dysgraphia (top-all) | Another dysgraphia comic I made,https://www.reddit.com/r/dysgraphia/comments/m3h5b1/another_dysgraphia_comic_i_made/,https://i.redd.it/gcf1t5vxilm61.png,940,788,146.5,79.0,Potential Dysgraphia (79.0%),PENDING_REVIEW,0.274,0.365
ENG_CAND_008,ENG_CAND_008.jpg,images/ENG_CAND_008.jpg,Reddit,r/dysgraphia (top-all) | Hamilton meme,https://www.reddit.com/r/dysgraphia/comments/jong7w/hamilton_meme/,https://i.redd.it/yddbrscxmgx51.jpg,1200,1236,285.0,66.2,Potential Dysgraphia (66.2%),PENDING_REVIEW,0.745,0.266
ENG_CAND_009,ENG_CAND_009.jpg,images/ENG_CAND_009.jpg,Reddit,r/dysgraphia (top-all) | Just looking at this makes my wrist sore,https://www.reddit.com/r/dysgraphia/comments/imkgl0/just_looking_at_this_makes_my_wrist_sore/,https://i.redd.it/4u7xppvsv5l51.jpg,750,520,70.1,62.7,Potential Dysgraphia (62.7%),PENDING_REVIEW,0.398,0.574
ENG_CAND_010,ENG_CAND_010.jpg,images/ENG_CAND_010.jpg,Reddit,r/dysgraphia (top-all) | nice pen go swishy,https://www.reddit.com/r/dysgraphia/comments/tf9e13/nice_pen_go_swishy/,https://i.redd.it/g8tqnklfcon81.jpg,1080,774,145.1,70.4,Potential Dysgraphia (70.4%),PENDING_REVIEW,0.655,0.109
ENG_CAND_011,ENG_CAND_011.jpg,images/ENG_CAND_011.jpg,Reddit,r/dysgraphia (top-all) | i can finally draw decently now! such a shame my handwriting is incomprehensible,https://www.reddit.com/r/dysgraphia/comments/vm6rf7/i_can_finally_draw_decently_now_such_a_shame_my/,https://i.redd.it/19k08rvsl8891.jpg,739,500,73.4,76.5,Potential Dysgraphia (76.5%),PENDING_REVIEW,0.457,0.078
ENG_CAND_012,ENG_CAND_012.jpg,images/ENG_CAND_012.jpg,Reddit,r/dysgraphia (top-all) | Anyone else have this problem,https://www.reddit.com/r/dysgraphia/comments/gafa5l/anyone_else_have_this_problem/,https://i.redd.it/usb6pjf31tv41.jpg,949,1394,185.0,41.7,Low Potential (41.7%),PENDING_REVIEW,0.456,0.03
ENG_CAND_013,ENG_CAND_013.jpg,images/ENG_CAND_013.jpg,Reddit,r/dysgraphia (top-all) | Guess what I just learned about in World History.,https://www.reddit.com/r/dysgraphia/comments/p89wqd/guess_what_i_just_learned_about_in_world_history/,https://i.redd.it/brj5jk53tji71.jpg,1200,934,140.6,73.1,Potential Dysgraphia (73.1%),PENDING_REVIEW,0.393,0.036
ENG_CAND_014,ENG_CAND_014.jpg,images/ENG_CAND_014.jpg,Reddit,r/dysgraphia (top-all) | Let’s smudge the ink,https://www.reddit.com/r/dysgraphia/comments/g9hzeo/lets_smudge_the_ink/,https://i.redd.it/eppva20w5iv41.jpg,1175,1200,332.7,71.3,Potential Dysgraphia (71.3%),PENDING_REVIEW,0.666,0.185
ENG_CAND_015,ENG_CAND_015.jpg,images/ENG_CAND_015.jpg,Reddit,r/dysgraphia (top-all) | My handwriting 🤣,https://www.reddit.com/r/dysgraphia/comments/1m87i7r/my_handwriting/,https://i.redd.it/roz5tiw7cuef1.jpeg,2241,2846,1238.7,65.1,Potential Dysgraphia (65.1%),PENDING_REVIEW,0.455,0.064
ENG_CAND_016,ENG_CAND_016.jpg,images/ENG_CAND_016.jpg,Reddit,r/dysgraphia (top-all) | Dysgraphia affects 5-20% of children,https://www.reddit.com/r/dysgraphia/comments/o8zsqm/dysgraphia_affects_520_of_children/,https://i.imgur.com/IyFUAu2.png,1222,2734,1107.1,71.2,Potential Dysgraphia (71.2%),PENDING_REVIEW,0.456,0.313
ENG_CAND_017,ENG_CAND_017.jpg,images/ENG_CAND_017.jpg,Reddit,r/dysgraphia (top-all) | Found an awesome info graphic for communicating why I am the way I am!,https://www.reddit.com/r/dysgraphia/comments/epcs3o/found_an_awesome_info_graphic_for_communicating/,https://i.redd.it/dyv8665mx1b41.jpg,1000,1000,178.6,48.8,Potential Dysgraphia (48.8%),PENDING_REVIEW,0.548,0.345
ENG_CAND_018,ENG_CAND_018.jpg,images/ENG_CAND_018.jpg,Reddit,r/dysgraphia (top-all) | 11 years of practice,https://www.reddit.com/r/dysgraphia/comments/9wi3uh/11_years_of_practice/,https://i.redd.it/smkeqxrasyx11.jpg,3036,4048,2535.9,62.5,Potential Dysgraphia (62.5%),PENDING_REVIEW,0.353,0.054
ENG_CAND_019,ENG_CAND_019.jpg,images/ENG_CAND_019.jpg,Reddit,r/dysgraphia (top-all) | Not even a full page of writing and my wrist is hurting and cramping,https://www.reddit.com/r/dysgraphia/comments/mw8y4l/not_even_a_full_page_of_writing_and_my_wrist_is/,https://i.redd.it/jeexva637ru61.jpg,3024,4032,2167.5,57.0,Potential Dysgraphia (57.0%),PENDING_REVIEW,0.408,0.086
ENG_CAND_020,ENG_CAND_020.jpg,images/ENG_CAND_020.jpg,Reddit,r/dysgraphia (top-all) | He’s got a point 😁,https://www.reddit.com/r/dysgraphia/comments/gi4n3n/hes_got_a_point/,https://i.redd.it/g5vzbzyap9y41.jpg,828,913,91.9,49.2,Potential Dysgraphia (49.2%),PENDING_REVIEW,0.552,0.037
ENG_CAND_021,ENG_CAND_021.jpg,images/ENG_CAND_021.jpg,Reddit,"r/dysgraphia (top-all) | I think this is the first time I've genuinely been able to easily read my own handwriting. Dunno if relevant, but hey.",https://www.reddit.com/r/dysgraphia/comments/jpw5f8/i_think_this_is_the_first_time_ive_genuinely_been/,https://i.redd.it/upi3zp7q9vx51.jpg,3024,4032,2227.7,57.5,Potential Dysgraphia (57.5%),PENDING_REVIEW,0.618,0.697
ENG_CAND_022,ENG_CAND_022.jpg,images/ENG_CAND_022.jpg,Reddit,r/dysgraphia (top-all) | I wrote out the alphabet and numbers twice to see the difference between taking my time and not doing so. :),https://www.reddit.com/r/dysgraphia/comments/gnlc8h/i_wrote_out_the_alphabet_and_numbers_twice_to_see/,https://i.redd.it/yl7sbmqt50051.jpg,2174,1537,650.6,71.9,Potential Dysgraphia (71.9%),PENDING_REVIEW,0.397,0.095
ENG_CAND_023,ENG_CAND_023.jpg,images/ENG_CAND_023.jpg,Reddit,r/dysgraphia (top-all) | Im a 14 year old with Dysgraphia. How do i sort out my handwriting.,https://www.reddit.com/r/dysgraphia/comments/9kscqt/im_a_14_year_old_with_dysgraphia_how_do_i_sort/,https://i.redd.it/4ziobonjysp11.jpg,3264,2448,844.3,68.2,Potential Dysgraphia (68.2%),PENDING_REVIEW,0.569,0.073
ENG_CAND_024,ENG_CAND_024.jpg,images/ENG_CAND_024.jpg,Reddit,r/dysgraphia (top-all) | Always suspected I have dysgraphia,https://www.reddit.com/r/dysgraphia/comments/1m0jtxd/always_suspected_i_have_dysgraphia/,https://i.redd.it/mdqr8opkw1df1.jpeg,3024,4032,2060.2,65.8,Potential Dysgraphia (65.8%),PENDING_REVIEW,0.485,0.239
ENG_CAND_025,ENG_CAND_025.jpg,images/ENG_CAND_025.jpg,Reddit,r/dysgraphia (top-all) | Well fuck me,https://www.reddit.com/r/dysgraphia/comments/dow6ah/well_fuck_me/,https://i.redd.it/r2rfsphvnjv31.jpg,4160,3120,1475.3,75.8,Potential Dysgraphia (75.8%),PENDING_REVIEW,0.322,0.067
ENG_CAND_026,ENG_CAND_026.jpg,images/ENG_CAND_026.jpg,Reddit,r/dysgraphia (top-all) | For anyone struggling with pencil grip or pain from writing this may help!,https://www.reddit.com/r/dysgraphia/comments/1l35o7k/for_anyone_struggling_with_pencil_grip_or_pain/,https://i.redd.it/lem9zjv4pq4f1.jpeg,3024,2820,1155.0,68.3,Potential Dysgraphia (68.3%),PENDING_REVIEW,0.455,0.29
ENG_CAND_027,ENG_CAND_027.jpg,images/ENG_CAND_027.jpg,Reddit,r/dysgraphia (top-all) | 12 years of school and handwriting practice did nothing lol,https://www.reddit.com/r/dysgraphia/comments/aw79sq/12_years_of_school_and_handwriting_practice_did/,https://i.redd.it/6a057r4sijj21.jpg,2448,3264,884.2,75.0,Potential Dysgraphia (75.0%),PENDING_REVIEW,0.459,0.031
ENG_CAND_028,ENG_CAND_028.jpg,images/ENG_CAND_028.jpg,Reddit,r/dysgraphia (top-all) | I think I've got the worst of it here,https://www.reddit.com/r/dysgraphia/comments/smf3nh/i_think_ive_got_the_worst_of_it_here/,https://i.redd.it/ld1ixtciqbg81.jpg,3000,4000,2034.2,71.7,Potential Dysgraphia (71.7%),PENDING_REVIEW,0.639,0.015
ENG_CAND_029,ENG_CAND_029.jpg,images/ENG_CAND_029.jpg,Reddit,r/dysgraphia (top-all) | 31 years old and I finally fling my people.,https://www.reddit.com/r/dysgraphia/comments/1mkti2q/31_years_old_and_i_finally_fling_my_people/,https://i.redd.it/sabdv7weeshf1.jpeg,3024,4032,2269.4,63.6,Potential Dysgraphia (63.6%),PENDING_REVIEW,0.619,0.191
ENG_CAND_030,ENG_CAND_030.jpg,images/ENG_CAND_030.jpg,Reddit,"r/dysgraphia (top-all) | As a girl I’ve always been made to feel quite bad about my handwriting. (I’m a college Junior, whose has never been formally diagnosed) It’s so frustrating",https://www.reddit.com/r/dysgraphia/comments/1izpjwg/as_a_girl_ive_always_been_made_to_feel_quite_bad/,https://i.redd.it/09xhot80rqle1.jpeg,3024,2653,1531.7,69.3,Potential Dysgraphia (69.3%),PENDING_REVIEW,0.408,0.118
ENG_CAND_031,ENG_CAND_031.jpg,images/ENG_CAND_031.jpg,Reddit,"r/dysgraphia (top-all) | Felt the need to send a note along with my ballot, seeing as I can't sign my name the same way twice.",https://www.reddit.com/r/dysgraphia/comments/jicwlh/felt_the_need_to_send_a_note_along_with_my_ballot/,https://i.redd.it/jqprqa7sdfv51.jpg,3024,3024,1540.0,75.5,Potential Dysgraphia (75.5%),PENDING_REVIEW,0.413,0.255
ENG_CAND_032,ENG_CAND_032.jpg,images/ENG_CAND_032.jpg,Reddit,"r/dysgraphia (top-all) | This says the quick brown fox jumped over the lazy dog,my dysgraphia is pretty serious",https://www.reddit.com/r/dysgraphia/comments/ixztpk/this_says_the_quick_brown_fox_jumped_over_the/,https://i.redd.it/dzn82mcykso51.jpg,4032,3024,1327.1,72.0,Potential Dysgraphia (72.0%),PENDING_REVIEW,0.616,0.078
ENG_CAND_033,ENG_CAND_033.jpg,images/ENG_CAND_033.jpg,Reddit,r/dysgraphia (top-all) | MRW I have to write a 3-5 page paper this early in the goddamn semester,https://www.reddit.com/r/dysgraphia/comments/czutvr/mrw_i_have_to_write_a_35_page_paper_this_early_in/,https://i.redd.it/t7unwocetok31.gif,250,214,20.3,78.4,Potential Dysgraphia (78.4%),PENDING_REVIEW,0.375,0.377
ENG_CAND_034,ENG_CAND_034.jpg,images/ENG_CAND_034.jpg,Reddit,r/dysgraphia (top-all) | I would be suprised if anyone out there could read my handwriting,https://www.reddit.com/r/dysgraphia/comments/wg6mk2/i_would_be_suprised_if_anyone_out_there_could/,https://i.redd.it/929jyftkbqf91.jpg,2463,2086,1162.1,71.3,Potential Dysgraphia (71.3%),PENDING_REVIEW,0.637,0.106
ENG_CAND_035,ENG_CAND_035.jpg,images/ENG_CAND_035.jpg,Reddit,r/dysgraphia (top-all) | So i think i have dysgraphia but idk what do you think,https://www.reddit.com/r/dysgraphia/comments/m6gc72/so_i_think_i_have_dysgraphia_but_idk_what_do_you/,https://i.redd.it/wzwb4ovfsfn61.jpg,3264,2448,1441.1,59.7,Potential Dysgraphia (59.7%),PENDING_REVIEW,0.581,0.107
ENG_CAND_036,ENG_CAND_036.jpg,images/ENG_CAND_036.jpg,Reddit,r/dysgraphia (top-all) | My handwriting,https://www.reddit.com/r/dysgraphia/comments/1me8s3k/my_handwriting/,https://i.redd.it/f4iij53529gf1.jpeg,3024,4032,1400.8,70.2,Potential Dysgraphia (70.2%),PENDING_REVIEW,0.457,0.051
ENG_CAND_037,ENG_CAND_037.jpg,images/ENG_CAND_037.jpg,Reddit,r/dysgraphia (top-all) | Here is a diagnosed example for you all,https://www.reddit.com/r/dysgraphia/comments/1gackxt/here_is_a_diagnosed_example_for_you_all/,https://i.redd.it/zys10hjjsiwd1.jpeg,1576,2100,731.4,71.5,Potential Dysgraphia (71.5%),PENDING_REVIEW,0.489,0.299
ENG_CAND_038,ENG_CAND_038.jpg,images/ENG_CAND_038.jpg,Reddit,r/dysgraphia (top-all) | When you’re trying to practice hand lettering but your hand hurts the moment you start drawing..,https://www.reddit.com/r/dysgraphia/comments/v50dxr/when_youre_trying_to_practice_hand_lettering_but/,https://i.redd.it/25igxas3ro391.jpg,4032,3024,2751.2,68.0,Potential Dysgraphia (68.0%),PENDING_REVIEW,0.535,0.49
ENG_CAND_039,ENG_CAND_039.jpg,images/ENG_CAND_039.jpg,Reddit,r/dysgraphia (top-all) | My handwriting as an adult with dysgraphia,https://www.reddit.com/r/dysgraphia/comments/1b5xiij/my_handwriting_as_an_adult_with_dysgraphia/,https://i.redd.it/xa04m5jpt7mc1.jpeg,3000,4000,4460.5,69.9,Potential Dysgraphia (69.9%),PENDING_REVIEW,0.424,0.14
ENG_CAND_040,ENG_CAND_040.jpg,images/ENG_CAND_040.jpg,Reddit,"r/dysgraphia (top-all) | my handwriting 20+ years after being sent to physical therapy to ""fix"" it",https://www.reddit.com/r/dysgraphia/comments/1lam77v/my_handwriting_20_years_after_being_sent_to/,https://i.redd.it/ds1grgq7eq6f1.jpeg,3000,4000,2113.3,61.7,Potential Dysgraphia (61.7%),PENDING_REVIEW,0.338,0.104
ENG_CAND_041,ENG_CAND_041.jpg,images/ENG_CAND_041.jpg,Reddit,r/dysgraphia (top-all) | If you can read this you are a great reader just some morw digrphy gore to read throw im mlstly curis what people think?,https://www.reddit.com/r/dysgraphia/comments/jss0xd/if_you_can_read_this_you_are_a_great_reader_just/,https://i.redd.it/joup0ev87sy51.jpg,1526,3264,867.9,71.1,Potential Dysgraphia (71.1%),PENDING_REVIEW,0.523,0.728
ENG_CAND_042,ENG_CAND_042.jpg,images/ENG_CAND_042.jpg,Reddit,"r/dysgraphia (top-all) | Was diagnosed with dysgraphia at 10 years old, this is how I write",https://www.reddit.com/r/dysgraphia/comments/1kxhaqd/was_diagnosed_with_dysgraphia_at_10_years_old/,https://i.redd.it/udx69kx20j3f1.jpeg,2048,1560,625.9,71.6,Potential Dysgraphia (71.6%),PENDING_REVIEW,0.447,0.176
ENG_CAND_043,ENG_CAND_043.jpg,images/ENG_CAND_043.jpg,Reddit,r/dysgraphia (top-all) | I think this describes me pretty well,https://www.reddit.com/r/dysgraphia/comments/bsrxee/i_think_this_describes_me_pretty_well/,https://i.redd.it/xjdw5t9y8b031.jpg,3072,1309,695.9,69.3,Potential Dysgraphia (69.3%),PENDING_REVIEW,0.745,0.135
ENG_CAND_044,ENG_CAND_044.jpg,images/ENG_CAND_044.jpg,Reddit,r/Handwriting (dysgraphic) | not my usual print/cursive-can you read all of it?,https://www.reddit.com/r/Handwriting/comments/1ieqydu/not_my_usual_printcursivecan_you_read_all_of_it/,https://i.redd.it/nauc05avlege1.jpeg,2687,2553,877.3,62.8,Potential Dysgraphia (62.8%),PENDING_REVIEW,0.361,0.061
ENG_CAND_045,ENG_CAND_045.jpg,images/ENG_CAND_045.jpg,Reddit,r/Handwriting (dysgraphic) | A dyslexic/dysgraphic person trying his best. How does that look?,https://www.reddit.com/r/Handwriting/comments/7z6eo4/a_dyslexicdysgraphic_person_trying_his_best_how/,https://i.redd.it/fys84zp15lh01.png,4160,2424,2308.6,36.3,Low Potential (36.3%),PENDING_REVIEW,0.484,0.183
ENG_CAND_046,ENG_CAND_046.jpg,images/ENG_CAND_046.jpg,Reddit,r/Handwriting (dysgraphic) | Does this look like dysgraphic writing?,https://www.reddit.com/r/Handwriting/comments/1dt62j7/does_this_look_like_dysgraphic_writing/,https://i.redd.it/v37ubx8lhz9d1.jpeg,1080,1140,224.5,72.9,Potential Dysgraphia (72.9%),PENDING_REVIEW,0.438,0.241
ENG_CAND_047,ENG_CAND_047.jpg,images/ENG_CAND_047.jpg,Reddit,r/Handwriting (dysgraphic) | How is my dysgraphic writing?,https://www.reddit.com/r/Handwriting/comments/zx14x9/how_is_my_dysgraphic_writing/,https://i.redd.it/00mld86k6m8a1.jpg,3024,4032,2485.5,64.7,Potential Dysgraphia (64.7%),PENDING_REVIEW,0.561,0.008
ENG_CAND_048,ENG_CAND_048.jpg,images/ENG_CAND_048.jpg,Reddit,r/Handwriting (dysgraphic) | 33 years old wishes to fix atrocious handwriting.,https://www.reddit.com/r/Handwriting/comments/1m6c0ix/33_years_old_wishes_to_fix_atrocious_handwriting/,https://i.redd.it/xeiozhn1zeef1.png,2360,1640,230.5,74.7,Potential Dysgraphia (74.7%),PENDING_REVIEW,0.304,0.048
ENG_CAND_049,ENG_CAND_049.jpg,images/ENG_CAND_049.jpg,Reddit,r/Handwriting (dysgraphic) | Looking for advice on how to improve,https://www.reddit.com/r/Handwriting/comments/1khzvoa/looking_for_advice_on_how_to_improve/,https://i.redd.it/qiazlpms7mze1.jpeg,4096,1428,1234.8,76.3,Potential Dysgraphia (76.3%),PENDING_REVIEW,0.464,0.068
ENG_CAND_050,ENG_CAND_050.jpg,images/ENG_CAND_050.jpg,Reddit,r/Handwriting (dysgraphic) | Dysgraphic Handwriting,https://www.reddit.com/r/Handwriting/comments/1htn33f/dysgraphic_handwriting/,https://i.redd.it/dsvpt2pia1be1.jpeg,3000,4000,2505.2,65.2,Potential Dysgraphia (65.2%),PENDING_REVIEW,0.433,0.491
ENG_CAND_051,ENG_CAND_051.jpg,images/ENG_CAND_051.jpg,Reddit,r/Handwriting (dysgraphic) | I want to fix childhood mistake. I’m dysgraphic,https://www.reddit.com/r/Handwriting/comments/1qepv2b/i_want_to_fix_childhood_mistake_im_dysgraphic/,https://i.redd.it/hdy7l7fkkrdg1.jpeg,2752,2064,528.3,38.9,Low Potential (38.9%),PENDING_REVIEW,0.402,0.038
ENG_CAND_052,ENG_CAND_052.jpg,images/ENG_CAND_052.jpg,Reddit,r/Handwriting (dysgraphic) | I don't mean to hurt your eyes... As a (leftie) dysgraphic handwriting never was a strong suit! How would you rate it?,https://www.reddit.com/r/Handwriting/comments/a8j26w/i_dont_mean_to_hurt_your_eyes_as_a_leftie/,https://i.redd.it/q9ru3ro2cs521.jpg,2948,1249,358.0,69.6,Potential Dysgraphia (69.6%),PENDING_REVIEW,0.484,0.015
ENG_CAND_053,ENG_CAND_053.jpg,images/ENG_CAND_053.jpg,Wikimedia Commons,Clinical Archival Sample: File:Disgrafija.jpg,https://commons.wikimedia.org/wiki/File:Disgrafija.jpg,https://upload.wikimedia.org/wikipedia/commons/1/10/Disgrafija.jpg?utm_source=commons.wikimedia.org&utm_campaign=imageinfo&utm_content=original,3264,1836,1349.7,74.7,Potential Dysgraphia (74.7%),PENDING_REVIEW,0.55,0.229
ENG_CAND_054,ENG_CAND_054.jpg,images/ENG_CAND_054.jpg,Wikimedia Commons,Clinical Archival Sample: File:Dislexia.jpg,https://commons.wikimedia.org/wiki/File:Dislexia.jpg,https://upload.wikimedia.org/wikipedia/commons/8/8f/Dislexia.jpg?utm_source=commons.wikimedia.org&utm_campaign=imageinfo&utm_content=original,300,289,21.2,78.8,Potential Dysgraphia (78.8%),PENDING_REVIEW,0.479,0.381
ENG_CAND_055,ENG_CAND_055.jpg,images/ENG_CAND_055.jpg,Wikimedia Commons,Clinical Archival Sample: File:Dislexia nens.jpg,https://commons.wikimedia.org/wiki/File:Dislexia_nens.jpg,https://upload.wikimedia.org/wikipedia/commons/9/92/Dislexia_nens.jpg?utm_source=commons.wikimedia.org&utm_campaign=imageinfo&utm_content=original,960,700,90.6,77.3,Potential Dysgraphia (77.3%),PENDING_REVIEW,0.0,0.0
ENG_CAND_056,ENG_CAND_056.jpg,images/ENG_CAND_056.jpg,Wikimedia Commons,Clinical Archival Sample: File:Dysgraphia.jpg,https://commons.wikimedia.org/wiki/File:Dysgraphia.jpg,https://upload.wikimedia.org/wikipedia/commons/7/7a/Dysgraphia.jpg?utm_source=commons.wikimedia.org&utm_campaign=imageinfo&utm_content=original,500,375,80.6,69.0,Potential Dysgraphia (69.0%),PENDING_REVIEW,0.415,0.083
ENG_CAND_057,ENG_CAND_057.jpg,images/ENG_CAND_057.jpg,Wikimedia Commons,Clinical Archival Sample: File:ChildWriting Dyslexia.jpg,https://commons.wikimedia.org/wiki/File:ChildWriting_Dyslexia.jpg,https://upload.wikimedia.org/wikipedia/commons/2/2f/ChildWriting_Dyslexia.jpg?utm_source=commons.wikimedia.org&utm_campaign=imageinfo&utm_content=original,957,514,82.2,89.9,Potential Dysgraphia (89.9%),PENDING_REVIEW,0.262,0.032
ENG_CAND_058,ENG_CAND_058.jpg,images/ENG_CAND_058.jpg,Educational / Clinical Portal,Edublox Handwriting Curriculum | dysgraphia-handwriting-2.jpg,https://www.edubloxtutor.com/dysgraphia/,https://www.edubloxtutor.com/wp-content/uploads/2021/11/dysgraphia-handwriting-2.jpg,316,209,20.5,79.8,Potential Dysgraphia (79.8%),PENDING_REVIEW,0.372,0.026
ENG_CAND_059,ENG_CAND_059.jpg,images/ENG_CAND_059.jpg,Educational / Clinical Portal,Edublox Handwriting Curriculum | Handwriting-matters.png,https://www.edubloxtutor.com/dysgraphia/,https://www.edubloxtutor.com/wp-content/uploads/2025/04/Handwriting-matters.png,1024,1024,324.1,53.0,Potential Dysgraphia (53.0%),PENDING_REVIEW,0.48,0.391
ENG_CAND_060,ENG_CAND_060.jpg,images/ENG_CAND_060.jpg,Educational / Clinical Portal,Edublox Handwriting Curriculum | Dysgraphia-300x169.jpg,https://www.edubloxtutor.com/dysgraphia/,https://www.edubloxtutor.com/wp-content/uploads/2024/08/Dysgraphia-300x169.jpg,300,169,10.7,68.5,Potential Dysgraphia (68.5%),PENDING_REVIEW,0.426,0.013
ENG_CAND_061,ENG_CAND_061.jpg,images/ENG_CAND_061.jpg,Educational / Clinical Portal,Edublox Handwriting Curriculum | Dysgraphia.jpg,https://www.edubloxtutor.com/dysgraphia/,https://www.edubloxtutor.com/wp-content/uploads/2024/08/Dysgraphia.jpg,960,540,60.1,44.6,Low Potential (44.6%),PENDING_REVIEW,0.56,0.167
ENG_CAND_062,ENG_CAND_062.jpg,images/ENG_CAND_062.jpg,Educational / Clinical Portal,Edublox Handwriting Curriculum | Treatment-Dysgraphia-Dyslexia-Dyscalculia-150x150.png,https://www.edubloxtutor.com/dysgraphia/,https://www.edubloxtutor.com/wp-content/uploads/2025/08/Treatment-Dysgraphia-Dyslexia-Dyscalculia-150x150.png,150,150,11.9,78.7,Potential Dysgraphia (78.7%),PENDING_REVIEW,0.489,0.292
ENG_CAND_063,ENG_CAND_063.jpg,images/ENG_CAND_063.jpg,Educational / Clinical Portal,Edublox Handwriting Curriculum | Treatment-Dysgraphia-Dyslexia-Dyscalculia.png,https://www.edubloxtutor.com/dysgraphia/,https://www.edubloxtutor.com/wp-content/uploads/2025/08/Treatment-Dysgraphia-Dyslexia-Dyscalculia.png,300,300,36.5,74.2,Potential Dysgraphia (74.2%),PENDING_REVIEW,0.562,0.118
ENG_CAND_064,ENG_CAND_064.jpg,images/ENG_CAND_064.jpg,Educational / Clinical Portal,Edublox Handwriting Curriculum | facts-about-dysgraphia-1.png,https://www.edubloxtutor.com/dysgraphia/,https://www.edubloxtutor.com/wp-content/uploads/2025/06/facts-about-dysgraphia-1.png,350,233,32.3,68.2,Potential Dysgraphia (68.2%),PENDING_REVIEW,0.63,0.102
ENG_CAND_065,ENG_CAND_065.jpg,images/ENG_CAND_065.jpg,Educational / Clinical Portal,Edublox Handwriting Curriculum | dysgraphia-handwriting-2-300x198.jpg,https://www.edubloxtutor.com/dysgraphia/,https://www.edubloxtutor.com/wp-content/uploads/2021/11/dysgraphia-handwriting-2-300x198.jpg,300,198,15.4,73.4,Potential Dysgraphia (73.4%),PENDING_REVIEW,0.408,0.202
ENG_CAND_066,ENG_CAND_066.jpg,images/ENG_CAND_066.jpg,Handwriting Disorder Benchmark,Open Research Benchmark Sample #1.jpg,https://github.com/srummanf/Dyslexia-Detection-from-Handwriting,E:\Avaneesh\projects\Dysgraphia-Detection\scratch_repos\srummanf_Dyslexia\data\samples\all\dyslexic\1.jpg,750,174,55.7,74.6,Potential Dysgraphia (74.6%),PENDING_REVIEW,0.324,0.033
ENG_CAND_067,ENG_CAND_067.jpg,images/ENG_CAND_067.jpg,Handwriting Disorder Benchmark,Open Research Benchmark Sample #2.jpg,https://github.com/srummanf/Dyslexia-Detection-from-Handwriting,E:\Avaneesh\projects\Dysgraphia-Detection\scratch_repos\srummanf_Dyslexia\data\samples\all\dyslexic\2.jpg,783,568,169.3,69.4,Potential Dysgraphia (69.4%),PENDING_REVIEW,0.446,0.078
ENG_CAND_068,ENG_CAND_068.jpg,images/ENG_CAND_068.jpg,Handwriting Disorder Benchmark,Open Research Benchmark Sample #3.jpg,https://github.com/srummanf/Dyslexia-Detection-from-Handwriting,E:\Avaneesh\projects\Dysgraphia-Detection\scratch_repos\srummanf_Dyslexia\data\samples\all\dyslexic\3.jpg,530,211,63.9,80.5,Potential Dysgraphia (80.5%),PENDING_REVIEW,0.501,0.031
ENG_CAND_069,ENG_CAND_069.jpg,images/ENG_CAND_069.jpg,Handwriting Disorder Benchmark,Open Research Benchmark Sample #4.jpg,https://github.com/srummanf/Dyslexia-Detection-from-Handwriting,E:\Avaneesh\projects\Dysgraphia-Detection\scratch_repos\srummanf_Dyslexia\data\samples\all\dyslexic\4.jpg,506,274,77.4,73.3,Potential Dysgraphia (73.3%),PENDING_REVIEW,0.411,0.023
ENG_CAND_070,ENG_CAND_070.jpg,images/ENG_CAND_070.jpg,Handwriting Disorder Benchmark,Open Research Benchmark Sample #5.jpg,https://github.com/srummanf/Dyslexia-Detection-from-Handwriting,E:\Avaneesh\projects\Dysgraphia-Detection\scratch_repos\srummanf_Dyslexia\data\samples\all\dyslexic\5.jpg,504,441,139.5,78.4,Potential Dysgraphia (78.4%),PENDING_REVIEW,0.422,0.077
ENG_CAND_071,ENG_CAND_071.jpg,images/ENG_CAND_071.jpg,Handwriting Disorder Benchmark,Open Research Benchmark Sample #6.jpg,https://github.com/srummanf/Dyslexia-Detection-from-Handwriting,E:\Avaneesh\projects\Dysgraphia-Detection\scratch_repos\srummanf_Dyslexia\data\samples\all\dyslexic\6.jpg,576,597,197.4,75.4,Potential Dysgraphia (75.4%),PENDING_REVIEW,0.507,0.098
ENG_CAND_072,ENG_CAND_072.jpg,images/ENG_CAND_072.jpg,Handwriting Disorder Benchmark,Open Research Benchmark Sample #7.jpg,https://github.com/srummanf/Dyslexia-Detection-from-Handwriting,E:\Avaneesh\projects\Dysgraphia-Detection\scratch_repos\srummanf_Dyslexia\data\samples\all\dyslexic\7.jpg,1112,1121,208.5,65.2,Potential Dysgraphia (65.2%),PENDING_REVIEW,0.424,0.172
ENG_CAND_073,ENG_CAND_073.jpg,images/ENG_CAND_073.jpg,Handwriting Disorder Benchmark,Open Research Benchmark Sample #8.jpg,https://github.com/srummanf/Dyslexia-Detection-from-Handwriting,E:\Avaneesh\projects\Dysgraphia-Detection\scratch_repos\srummanf_Dyslexia\data\samples\all\dyslexic\8.jpg,484,317,62.9,75.0,Potential Dysgraphia (75.0%),PENDING_REVIEW,0.425,0.201
ENG_CAND_074,ENG_CAND_074.jpg,images/ENG_CAND_074.jpg,Handwriting Disorder Benchmark,Open Research Benchmark Sample #9.jpg,https://github.com/srummanf/Dyslexia-Detection-from-Handwriting,E:\Avaneesh\projects\Dysgraphia-Detection\scratch_repos\srummanf_Dyslexia\data\samples\all\dyslexic\9.jpg,455,282,76.3,82.5,Potential Dysgraphia (82.5%),PENDING_REVIEW,0.442,0.019
ENG_CAND_075,ENG_CAND_075.jpg,images/ENG_CAND_075.jpg,Handwriting Disorder Benchmark,Open Research Benchmark Sample #10.jpg,https://github.com/srummanf/Dyslexia-Detection-from-Handwriting,E:\Avaneesh\projects\Dysgraphia-Detection\scratch_repos\srummanf_Dyslexia\data\samples\all\dyslexic\10.jpg,570,335,35.9,54.8,Potential Dysgraphia (54.8%),PENDING_REVIEW,0.469,0.131
ENG_CAND_076,ENG_CAND_076.jpg,images/ENG_CAND_076.jpg,Handwriting Disorder Benchmark,Open Research Benchmark Sample #11.jpg,https://github.com/srummanf/Dyslexia-Detection-from-Handwriting,E:\Avaneesh\projects\Dysgraphia-Detection\scratch_repos\srummanf_Dyslexia\data\samples\all\dyslexic\11.jpg,846,557,114.7,49.1,Potential Dysgraphia (49.1%),PENDING_REVIEW,0.37,0.006
ENG_CAND_077,ENG_CAND_077.jpg,images/ENG_CAND_077.jpg,Handwriting Disorder Benchmark,Open Research Benchmark Sample #12.jpg,https://github.com/srummanf/Dyslexia-Detection-from-Handwriting,E:\Avaneesh\projects\Dysgraphia-Detection\scratch_repos\srummanf_Dyslexia\data\samples\all\dyslexic\12.jpg,543,236,50.5,88.8,Potential Dysgraphia (88.8%),PENDING_REVIEW,0.329,0.028
ENG_CAND_078,ENG_CAND_078.jpg,images/ENG_CAND_078.jpg,Handwriting Disorder Benchmark,Open Research Benchmark Sample #13.jpg,https://github.com/srummanf/Dyslexia-Detection-from-Handwriting,E:\Avaneesh\projects\Dysgraphia-Detection\scratch_repos\srummanf_Dyslexia\data\samples\all\dyslexic\13.jpg,1484,1920,584.7,55.9,Potential Dysgraphia (55.9%),PENDING_REVIEW,0.46,0.07
ENG_CAND_079,ENG_CAND_079.jpg,images/ENG_CAND_079.jpg,Handwriting Disorder Benchmark,Open Research Benchmark Sample #14.jpg,https://github.com/srummanf/Dyslexia-Detection-from-Handwriting,E:\Avaneesh\projects\Dysgraphia-Detection\scratch_repos\srummanf_Dyslexia\data\samples\all\dyslexic\14.jpg,510,328,100.5,67.8,Potential Dysgraphia (67.8%),PENDING_REVIEW,0.405,0.086
ENG_CAND_080,ENG_CAND_080.jpg,images/ENG_CAND_080.jpg,Handwriting Disorder Benchmark,Open Research Benchmark Sample #15.jpg,https://github.com/srummanf/Dyslexia-Detection-from-Handwriting,E:\Avaneesh\projects\Dysgraphia-Detection\scratch_repos\srummanf_Dyslexia\data\samples\all\dyslexic\15.jpg,569,216,39.9,78.2,Potential Dysgraphia (78.2%),PENDING_REVIEW,0.428,0.129
ENG_CAND_081,ENG_CAND_081.jpg,images/ENG_CAND_081.jpg,Handwriting Disorder Benchmark,Open Research Benchmark Sample #16.jpg,https://github.com/srummanf/Dyslexia-Detection-from-Handwriting,E:\Avaneesh\projects\Dysgraphia-Detection\scratch_repos\srummanf_Dyslexia\data\samples\all\dyslexic\16.jpg,456,282,55.3,59.0,Potential Dysgraphia (59.0%),PENDING_REVIEW,0.357,0.018
ENG_CAND_082,ENG_CAND_082.jpg,images/ENG_CAND_082.jpg,Handwriting Disorder Benchmark,Open Research Benchmark Sample #17.jpg,https://github.com/srummanf/Dyslexia-Detection-from-Handwriting,E:\Avaneesh\projects\Dysgraphia-Detection\scratch_repos\srummanf_Dyslexia\data\samples\all\dyslexic\17.jpg,3024,4032,2005.5,71.4,Potential Dysgraphia (71.4%),PENDING_REVIEW,0.457,0.033
ENG_CAND_083,ENG_CAND_083.jpg,images/ENG_CAND_083.jpg,Handwriting Disorder Benchmark,Open Research Benchmark Sample #18.jpg,https://github.com/srummanf/Dyslexia-Detection-from-Handwriting,E:\Avaneesh\projects\Dysgraphia-Detection\scratch_repos\srummanf_Dyslexia\data\samples\all\dyslexic\18.jpg,1197,646,179.2,74.1,Potential Dysgraphia (74.1%),PENDING_REVIEW,0.378,0.091
ENG_CAND_084,ENG_CAND_084.jpg,images/ENG_CAND_084.jpg,Handwriting Disorder Benchmark,Open Research Benchmark Sample #19.jpg,https://github.com/srummanf/Dyslexia-Detection-from-Handwriting,E:\Avaneesh\projects\Dysgraphia-Detection\scratch_repos\srummanf_Dyslexia\data\samples\all\dyslexic\19.jpg,1254,651,220.4,54.7,Potential Dysgraphia (54.7%),PENDING_REVIEW,0.442,0.019
ENG_CAND_085,ENG_CAND_085.jpg,images/ENG_CAND_085.jpg,Handwriting Disorder Benchmark,Open Research Benchmark Sample #20.jpg,https://github.com/srummanf/Dyslexia-Detection-from-Handwriting,E:\Avaneesh\projects\Dysgraphia-Detection\scratch_repos\srummanf_Dyslexia\data\samples\all\dyslexic\20.jpg,1266,816,328.0,61.1,Potential Dysgraphia (61.1%),PENDING_REVIEW,0.507,0.002
ENG_CAND_086,ENG_CAND_086.jpg,images/ENG_CAND_086.jpg,Handwriting Disorder Benchmark,Open Research Benchmark Sample #21.jpg,https://github.com/srummanf/Dyslexia-Detection-from-Handwriting,E:\Avaneesh\projects\Dysgraphia-Detection\scratch_repos\srummanf_Dyslexia\data\samples\all\dyslexic\21.jpg,673,439,110.6,39.0,Low Potential (39.0%),PENDING_REVIEW,0.463,0.023
ENG_CAND_087,ENG_CAND_087.jpg,images/ENG_CAND_087.jpg,Handwriting Disorder Benchmark,Open Research Benchmark Sample #22.jpg,https://github.com/srummanf/Dyslexia-Detection-from-Handwriting,E:\Avaneesh\projects\Dysgraphia-Detection\scratch_repos\srummanf_Dyslexia\data\samples\all\dyslexic\22.jpg,790,486,155.6,67.8,Potential Dysgraphia (67.8%),PENDING_REVIEW,0.536,0.062
ENG_CAND_088,ENG_CAND_088.jpg,images/ENG_CAND_088.jpg,Handwriting Disorder Benchmark,Open Research Benchmark Sample #23.jpg,https://github.com/srummanf/Dyslexia-Detection-from-Handwriting,E:\Avaneesh\projects\Dysgraphia-Detection\scratch_repos\srummanf_Dyslexia\data\samples\all\dyslexic\23.jpg,478,640,158.2,78.8,Potential Dysgraphia (78.8%),PENDING_REVIEW,0.35,0.062
ENG_CAND_089,ENG_CAND_089.jpg,images/ENG_CAND_089.jpg,Handwriting Disorder Benchmark,Open Research Benchmark Sample #24.jpg,https://github.com/srummanf/Dyslexia-Detection-from-Handwriting,E:\Avaneesh\projects\Dysgraphia-Detection\scratch_repos\srummanf_Dyslexia\data\samples\all\dyslexic\24.jpg,297,170,24.5,77.9,Potential Dysgraphia (77.9%),PENDING_REVIEW,0.483,0.15
ENG_CAND_090,ENG_CAND_090.jpg,images/ENG_CAND_090.jpg,Handwriting Disorder Benchmark,Open Research Benchmark Sample #25.jpg,https://github.com/srummanf/Dyslexia-Detection-from-Handwriting,E:\Avaneesh\projects\Dysgraphia-Detection\scratch_repos\srummanf_Dyslexia\data\samples\all\dyslexic\25.jpg,270,187,18.2,74.7,Potential Dysgraphia (74.7%),PENDING_REVIEW,0.354,0.063
ENG_CAND_091,ENG_CAND_091.jpg,images/ENG_CAND_091.jpg,Handwriting Disorder Benchmark,Open Research Benchmark Sample #26.jpg,https://github.com/srummanf/Dyslexia-Detection-from-Handwriting,E:\Avaneesh\projects\Dysgraphia-Detection\scratch_repos\srummanf_Dyslexia\data\samples\all\dyslexic\26.jpg,368,137,17.8,82.9,Potential Dysgraphia (82.9%),PENDING_REVIEW,0.431,0.05
ENG_CAND_092,ENG_CAND_092.jpg,images/ENG_CAND_092.jpg,Handwriting Disorder Benchmark,Open Research Benchmark Sample #27.jpg,https://github.com/srummanf/Dyslexia-Detection-from-Handwriting,E:\Avaneesh\projects\Dysgraphia-Detection\scratch_repos\srummanf_Dyslexia\data\samples\all\dyslexic\27.jpg,366,138,25.1,80.8,Potential Dysgraphia (80.8%),PENDING_REVIEW,0.511,0.027
ENG_CAND_093,ENG_CAND_093.jpg,images/ENG_CAND_093.jpg,Handwriting Disorder Benchmark,Open Research Benchmark Sample #28.jpg,https://github.com/srummanf/Dyslexia-Detection-from-Handwriting,E:\Avaneesh\projects\Dysgraphia-Detection\scratch_repos\srummanf_Dyslexia\data\samples\all\dyslexic\28.jpg,303,167,26.5,59.8,Potential Dysgraphia (59.8%),PENDING_REVIEW,0.512,0.068
ENG_CAND_094,ENG_CAND_094.jpg,images/ENG_CAND_094.jpg,Handwriting Disorder Benchmark,Open Research Benchmark Sample #29.jpg,https://github.com/srummanf/Dyslexia-Detection-from-Handwriting,E:\Avaneesh\projects\Dysgraphia-Detection\scratch_repos\srummanf_Dyslexia\data\samples\all\dyslexic\29.jpg,402,125,25.3,69.3,Potential Dysgraphia (69.3%),PENDING_REVIEW,0.299,0.035
ENG_CAND_095,ENG_CAND_095.jpg,images/ENG_CAND_095.jpg,Handwriting Disorder Benchmark,Open Research Benchmark Sample #30.jpg,https://github.com/srummanf/Dyslexia-Detection-from-Handwriting,E:\Avaneesh\projects\Dysgraphia-Detection\scratch_repos\srummanf_Dyslexia\data\samples\all\dyslexic\30.jpg,303,167,26.6,60.1,Potential Dysgraphia (60.1%),PENDING_REVIEW,0.531,0.069
ENG_CAND_096,ENG_CAND_096.jpg,images/ENG_CAND_096.jpg,Handwriting Disorder Benchmark,Open Research Benchmark Sample #31.jpg,https://github.com/srummanf/Dyslexia-Detection-from-Handwriting,E:\Avaneesh\projects\Dysgraphia-Detection\scratch_repos\srummanf_Dyslexia\data\samples\all\dyslexic\31.jpg,305,165,21.4,59.6,Potential Dysgraphia (59.6%),PENDING_REVIEW,0.321,0.06
ENG_CAND_097,ENG_CAND_097.jpg,images/ENG_CAND_097.jpg,Handwriting Disorder Benchmark,Open Research Benchmark Sample #32.jpg,https://github.com/srummanf/Dyslexia-Detection-from-Handwriting,E:\Avaneesh\projects\Dysgraphia-Detection\scratch_repos\srummanf_Dyslexia\data\samples\all\dyslexic\32.jpg,236,214,22.3,76.8,Potential Dysgraphia (76.8%),PENDING_REVIEW,0.341,0.088
ENG_CAND_098,ENG_CAND_098.jpg,images/ENG_CAND_098.jpg,Handwriting Disorder Benchmark,Open Research Benchmark Sample #33.jpg,https://github.com/srummanf/Dyslexia-Detection-from-Handwriting,E:\Avaneesh\projects\Dysgraphia-Detection\scratch_repos\srummanf_Dyslexia\data\samples\all\dyslexic\33.jpg,257,196,19.4,79.6,Potential Dysgraphia (79.6%),PENDING_REVIEW,0.304,0.065
ENG_CAND_099,ENG_CAND_099.jpg,images/ENG_CAND_099.jpg,Handwriting Disorder Benchmark,Open Research Benchmark Sample #34.jpg,https://github.com/srummanf/Dyslexia-Detection-from-Handwriting,E:\Avaneesh\projects\Dysgraphia-Detection\scratch_repos\srummanf_Dyslexia\data\samples\all\dyslexic\34.jpg,305,165,23.9,76.3,Potential Dysgraphia (76.3%),PENDING_REVIEW,0.461,0.004
ENG_CAND_100,ENG_CAND_100.jpg,images/ENG_CAND_100.jpg,Handwriting Disorder Benchmark,Open Research Benchmark Sample #36.jpg,https://github.com/srummanf/Dyslexia-Detection-from-Handwriting,E:\Avaneesh\projects\Dysgraphia-Detection\scratch_repos\srummanf_Dyslexia\data\samples\all\dyslexic\36.jpg,800,400,123.5,56.6,Potential Dysgraphia (56.6%),PENDING_REVIEW,0.52,0.004
ENG_CAND_101,ENG_CAND_101.jpg,images/ENG_CAND_101.jpg,Handwriting Disorder Benchmark,Open Research Benchmark Sample #37.jpg,https://github.com/srummanf/Dyslexia-Detection-from-Handwriting,E:\Avaneesh\projects\Dysgraphia-Detection\scratch_repos\srummanf_Dyslexia\data\samples\all\dyslexic\37.jpg,365,278,41.0,75.9,Potential Dysgraphia (75.9%),PENDING_REVIEW,0.318,0.108
ENG_CAND_102,ENG_CAND_102.jpg,images/ENG_CAND_102.jpg,Handwriting Disorder Benchmark,Open Research Benchmark Sample #38.jpg,https://github.com/srummanf/Dyslexia-Detection-from-Handwriting,E:\Avaneesh\projects\Dysgraphia-Detection\scratch_repos\srummanf_Dyslexia\data\samples\all\dyslexic\38.jpg,365,278,46.1,81.0,Potential Dysgraphia (81.0%),PENDING_REVIEW,0.21,0.03
ENG_CAND_103,ENG_CAND_103.jpg,images/ENG_CAND_103.jpg,Handwriting Disorder Benchmark,Open Research Benchmark Sample #39.jpg,https://github.com/srummanf/Dyslexia-Detection-from-Handwriting,E:\Avaneesh\projects\Dysgraphia-Detection\scratch_repos\srummanf_Dyslexia\data\samples\all\dyslexic\39.jpg,365,281,47.8,79.2,Potential Dysgraphia (79.2%),PENDING_REVIEW,0.389,0.055
ENG_CAND_104,ENG_CAND_104.jpg,images/ENG_CAND_104.jpg,Handwriting Disorder Benchmark,Open Research Benchmark Sample #40.jpg,https://github.com/srummanf/Dyslexia-Detection-from-Handwriting,E:\Avaneesh\projects\Dysgraphia-Detection\scratch_repos\srummanf_Dyslexia\data\samples\all\dyslexic\40.jpg,325,280,47.1,75.8,Potential Dysgraphia (75.8%),PENDING_REVIEW,0.324,0.137
ENG_CAND_105,ENG_CAND_105.jpg,images/ENG_CAND_105.jpg,Handwriting Disorder Benchmark,Open Research Benchmark Sample #41.jpg,https://github.com/srummanf/Dyslexia-Detection-from-Handwriting,E:\Avaneesh\projects\Dysgraphia-Detection\scratch_repos\srummanf_Dyslexia\data\samples\all\dyslexic\41.jpg,847,611,219.2,64.5,Potential Dysgraphia (64.5%),PENDING_REVIEW,0.533,0.002
ENG_CAND_106,ENG_CAND_106.jpg,images/ENG_CAND_106.jpg,Handwriting Disorder Benchmark,Open Research Benchmark Sample #42.jpg,https://github.com/srummanf/Dyslexia-Detection-from-Handwriting,E:\Avaneesh\projects\Dysgraphia-Detection\scratch_repos\srummanf_Dyslexia\data\samples\all\dyslexic\42.jpg,265,293,40.9,68.1,Potential Dysgraphia (68.1%),PENDING_REVIEW,0.398,0.06
ENG_CAND_107,ENG_CAND_107.jpg,images/ENG_CAND_107.jpg,Handwriting Disorder Benchmark,Open Research Benchmark Sample #43.jpg,https://github.com/srummanf/Dyslexia-Detection-from-Handwriting,E:\Avaneesh\projects\Dysgraphia-Detection\scratch_repos\srummanf_Dyslexia\data\samples\all\dyslexic\43.jpg,307,262,50.8,76.9,Potential Dysgraphia (76.9%),PENDING_REVIEW,0.417,0.03
ENG_CAND_108,ENG_CAND_108.jpg,images/ENG_CAND_108.jpg,Handwriting Disorder Benchmark,Open Research Benchmark Sample #44.jpg,https://github.com/srummanf/Dyslexia-Detection-from-Handwriting,E:\Avaneesh\projects\Dysgraphia-Detection\scratch_repos\srummanf_Dyslexia\data\samples\all\dyslexic\44.jpg,303,262,55.6,78.7,Potential Dysgraphia (78.7%),PENDING_REVIEW,0.386,0.011
ENG_CAND_109,ENG_CAND_109.jpg,images/ENG_CAND_109.jpg,Handwriting Disorder Benchmark,Open Research Benchmark Sample #45.jpg,https://github.com/srummanf/Dyslexia-Detection-from-Handwriting,E:\Avaneesh\projects\Dysgraphia-Detection\scratch_repos\srummanf_Dyslexia\data\samples\all\dyslexic\45.jpg,322,156,21.8,78.7,Potential Dysgraphia (78.7%),PENDING_REVIEW,0.394,0.012
ENG_CAND_110,ENG_CAND_110.jpg,images/ENG_CAND_110.jpg,Handwriting Disorder Benchmark,Open Research Benchmark Sample #47.jpg,https://github.com/srummanf/Dyslexia-Detection-from-Handwriting,E:\Avaneesh\projects\Dysgraphia-Detection\scratch_repos\srummanf_Dyslexia\data\samples\all\dyslexic\47.jpg,323,127,25.2,76.8,Potential Dysgraphia (76.8%),PENDING_REVIEW,0.45,0.0
ENG_CAND_111,ENG_CAND_111.jpg,images/ENG_CAND_111.jpg,Handwriting Disorder Benchmark,Open Research Benchmark Sample #48.jpg,https://github.com/srummanf/Dyslexia-Detection-from-Handwriting,E:\Avaneesh\projects\Dysgraphia-Detection\scratch_repos\srummanf_Dyslexia\data\samples\all\dyslexic\48.jpg,864,325,87.9,76.2,Potential Dysgraphia (76.2%),PENDING_REVIEW,0.339,0.012
ENG_CAND_112,ENG_CAND_112.jpg,images/ENG_CAND_112.jpg,Handwriting Disorder Benchmark,Open Research Benchmark Sample #49.jpg,https://github.com/srummanf/Dyslexia-Detection-from-Handwriting,E:\Avaneesh\projects\Dysgraphia-Detection\scratch_repos\srummanf_Dyslexia\data\samples\all\dyslexic\49.jpg,751,415,77.6,52.5,Potential Dysgraphia (52.5%),PENDING_REVIEW,0.393,0.008
ENG_CAND_113,ENG_CAND_113.jpg,images/ENG_CAND_113.jpg,Handwriting Disorder Benchmark,Open Research Benchmark Sample #50.jpg,https://github.com/srummanf/Dyslexia-Detection-from-Handwriting,E:\Avaneesh\projects\Dysgraphia-Detection\scratch_repos\srummanf_Dyslexia\data\samples\all\dyslexic\50.jpg,270,125,18.8,70.2,Potential Dysgraphia (70.2%),PENDING_REVIEW,0.39,0.008
