file,user_id,expected_n,n_total,n_pen_down,n_affected,affected_pct,raw_v_mean,raw_v_median,raw_v_p95,raw_v_max,raw_v_mean_mm_s,raw_v_max_mm_s,clean_v_mean,clean_v_median,clean_v_p95,clean_v_max,clean_v_mean_mm_s,clean_v_max_mm_s,n_clean_v_pts
user00006\session00001\u00006s00001_hw00001.svc,user00006,15534,15534,8322,0,0.0,8669.89,7918.53,18683.56,32099.65,43349.45,160498.25,8669.89,7918.53,18683.56,32099.65,43349.45,160498.25,8046
user00007\session00001\u00007s00001_hw00001.svc,user00007,19943,19943,10666,0,0.0,5480.56,4600.35,13840.05,24446.53,27402.8,122232.65,5480.56,4600.35,13840.05,24446.53,27402.8,122232.65,9597
user00008\session00001\u00008s00001_hw00001.svc,user00008,11177,11177,7514,0,0.0,6889.59,6144.52,15744.92,32340.66,34447.95,161703.3,6889.59,6144.52,15744.92,32340.66,34447.95,161703.3,7184
user00011\session00001\u00011s00001_hw00001.svc,user00011,35365,35365,25474,0,0.0,3617.59,3000.0,9253.79,22616.59,18087.95,113082.95,3617.59,3000.0,9253.79,22616.59,18087.95,113082.95,22522
user00013\session00001\u00013s00001_hw00001.svc,user00013,23632,23632,17128,0,0.0,2991.83,2465.39,7400.64,17469.51,14959.15,87347.55,2991.83,2465.39,7400.64,17469.51,14959.15,87347.55,15416
user00014\session00001\u00014s00001_hw00001.svc,user00014,22086,22086,15545,0,0.0,6261.65,5275.24,15267.0,30027.2,31308.25,150136.0,6261.65,5275.24,15267.0,30027.2,31308.25,150136.0,14265
user00015\session00001\u00015s00001_hw00001.svc,user00015,19439,19439,11534,0,0.0,5095.63,4531.14,11745.34,26789.05,25478.15,133945.25,5095.63,4531.14,11745.34,26789.05,25478.15,133945.25,10823
user00016\session00001\u00016s00001_hw00001.svc,user00016,19728,19728,12049,0,0.0,5155.74,4354.21,12287.58,159474.9,25778.7,797374.5,5155.74,4354.21,12287.58,159474.9,25778.7,797374.5,11044
user00017\session00001\u00017s00001_hw00001.svc,user00017,12634,12634,7586,0,0.0,6781.41,6047.99,15055.11,25053.82,33907.05,125269.1,6781.41,6047.99,15055.11,25053.82,33907.05,125269.1,7281
user00019\session00001\u00019s00001_hw00001.svc,user00019,14174,14174,9641,0,0.0,4870.6,4246.32,11617.19,24371.7,24353.0,121858.5,4870.6,4246.32,11617.19,24371.7,24353.0,121858.5,9061
user00021\session00001\u00021s00001_hw00001.svc,user00021,21176,21176,13997,0,0.0,4646.21,3475.36,13234.22,24279.41,23231.05,121397.05,4646.21,3475.36,13234.22,24279.41,23231.05,121397.05,11125
user00022\session00001\u00022s00001_hw00001.svc,user00022,23447,23447,13722,0,0.0,3601.48,2774.62,9646.97,21737.3,18007.4,108686.5,3601.48,2774.62,9646.97,21737.3,18007.4,108686.5,12754
user00026\session00001\u00026s00001_hw00001.svc,user00026,50622,50622,37329,0,0.0,1746.67,1628.82,3432.38,15017.0,8733.35,75085.0,1746.67,1628.82,3432.38,15017.0,8733.35,75085.0,35599
user00029\session00001\u00029s00001_hw00001.svc,user00029,21797,21797,15369,0,0.0,4919.47,4201.55,11234.97,35507.98,24597.35,177539.9,4919.47,4201.55,11234.97,35507.98,24597.35,177539.9,14833
user00032\session00001\u00032s00001_hw00001.svc,user00032,46872,46872,24767,0,0.0,5286.68,4596.19,12324.38,166984.78,26433.4,834923.9,5286.68,4596.19,12324.38,166984.78,26433.4,834923.9,22412
user00036\session00001\u00036s00001_hw00001.svc,user00036,29847,29847,20036,0,0.0,2770.73,1518.59,9466.59,25555.06,13853.65,127775.3,2770.73,1518.59,9466.59,25555.06,13853.65,127775.3,18745
user00038\session00001\u00038s00001_hw00001.svc,user00038,27742,27742,20039,0,0.0,6240.36,5150.79,15425.2,36017.29,31201.8,180086.45,6240.36,5150.79,15425.2,36017.29,31201.8,180086.45,18851
user00039\session00001\u00039s00001_hw00001.svc,user00039,38119,38119,21139,0,0.0,6107.18,4852.94,15609.26,36825.01,30535.9,184125.05,6107.18,4852.94,15609.26,36825.01,30535.9,184125.05,19374
user00042\session00001\u00042s00001_hw00001.svc,user00042,10413,10413,6393,0,0.0,7125.57,6396.75,16092.02,27832.22,35627.85,139161.1,7125.57,6396.75,16092.02,27832.22,35627.85,139161.1,6141
user00044\session00001\u00044s00001_hw00001.svc,user00044,9528,9528,6069,0,0.0,7415.34,6250.0,18787.97,31577.89,37076.7,157889.45,7415.34,6250.0,18787.97,31577.89,37076.7,157889.45,5627
user00048\session00001\u00048s00001_hw00001.svc,user00048,21376,21376,14523,0,0.0,6872.03,6107.87,15764.81,34376.37,34360.15,171881.85,6872.03,6107.87,15764.81,34376.37,34360.15,171881.85,13643
user00049\session00001\u00049s00001_hw00001.svc,user00049,29137,29137,17372,0,0.0,4806.98,3979.54,12041.59,24227.66,24034.9,121138.3,4806.98,3979.54,12041.59,24227.66,24034.9,121138.3,15848
user00050\session00001\u00050s00001_hw00001.svc,user00050,11757,11757,7174,0,0.0,6030.55,5574.02,13141.23,23510.74,30152.75,117553.7,6030.55,5574.02,13141.23,23510.74,30152.75,117553.7,6964
user00051\session00001\u00051s00001_hw00001.svc,user00051,14276,14276,7101,0,0.0,4550.93,4318.2,9617.29,18584.69,22754.65,92923.45,4550.93,4318.2,9617.29,18584.69,22754.65,92923.45,6702
user00052\session00001\u00052s00001_hw00001.svc,user00052,11906,11906,7073,0,0.0,5585.59,4978.08,12451.92,19811.87,27927.95,99059.35,5585.59,4978.08,12451.92,19811.87,27927.95,99059.35,6845
user00054\session00001\u00054s00001_hw00001.svc,user00054,13806,13806,6798,0,0.0,5366.12,4554.04,13034.49,20409.08,26830.6,102045.4,5366.12,4554.04,13034.49,20409.08,26830.6,102045.4,6340
user00056\session00001\u00056s00001_hw00001.svc,user00056,12143,12143,7589,0,0.0,6484.01,5428.57,15771.0,33571.98,32420.05,167859.9,6484.01,5428.57,15771.0,33571.98,32420.05,167859.9,7251
user00057\session00001\u00057s00001_hw00001.svc,user00057,14019,14019,9316,0,0.0,6382.88,5779.81,13569.57,24964.46,31914.4,124822.3,6382.88,5779.81,13569.57,24964.46,31914.4,124822.3,8887
user00058\session00001\u00058s00001_hw00001.svc,user00058,13815,13815,9823,0,0.0,5397.48,4854.12,12869.6,22326.43,26987.4,111632.15,5397.48,4854.12,12869.6,22326.43,26987.4,111632.15,8997
user00060\session00001\u00060s00001_hw00001.svc,user00060,13002,13002,9331,0,0.0,5377.48,4123.11,14860.51,29533.79,26887.4,147668.95,5377.48,4123.11,14860.51,29533.79,26887.4,147668.95,8759
user00061\session00001\u00061s00001_hw00001.svc,user00061,16991,16991,11301,0,0.0,6232.02,4041.87,19672.16,40637.02,31160.1,203185.1,6232.02,4041.87,19672.16,40637.02,31160.1,203185.1,10470
user00062\session00001\u00062s00001_hw00001.svc,user00062,14075,14075,9361,0,0.0,5328.6,4483.53,13050.33,25581.0,26643.0,127905.0,5328.6,4483.53,13050.33,25581.0,26643.0,127905.0,8785
user00063\session00001\u00063s00001_hw00001.svc,user00063,19299,19299,14306,0,0.0,3618.22,3225.87,8151.33,18536.78,18091.1,92683.9,3618.22,3225.87,8151.33,18536.78,18091.1,92683.9,13389
user00065\session00001\u00065s00001_hw00001.svc,user00065,11753,11753,8390,0,0.0,6630.41,5836.31,15293.62,28070.25,33152.05,140351.25,6630.41,5836.31,15293.62,28070.25,33152.05,140351.25,7922
user00066\session00001\u00066s00001_hw00001.svc,user00066,12299,12299,7992,0,0.0,4894.16,4472.14,10618.62,22943.59,24470.8,114717.95,4894.16,4472.14,10618.62,22943.59,24470.8,114717.95,7569
user00067\session00001\u00067s00001_hw00001.svc,user00067,16453,16453,11085,0,0.0,3500.67,3134.98,8126.3,14849.59,17503.35,74247.95,3500.67,3134.98,8126.3,14849.59,17503.35,74247.95,10358
user00069\session00001\u00069s00001_hw00001.svc,user00069,11262,11262,6587,0,0.0,7058.46,6147.28,16536.94,31633.75,35292.3,158168.75,7058.46,6147.28,16536.94,31633.75,35292.3,158168.75,6314
user00070\session00001\u00070s00001_hw00001.svc,user00070,11191,11191,8258,0,0.0,6721.7,5981.74,15518.44,26343.11,33608.5,131715.55,6721.7,5981.74,15518.44,26343.11,33608.5,131715.55,8020
user00071\session00001\u00071s00001_hw00001.svc,user00071,9390,9390,5257,0,0.0,7478.09,6750.0,16103.01,32027.09,37390.45,160135.45,7478.09,6750.0,16103.01,32027.09,37390.45,160135.45,5098
user00072\session00001\u00072s00001_hw00001.svc,user00072,13090,13090,7009,0,0.0,8809.4,7183.97,22423.8,40911.3,44047.0,204556.5,8809.4,7183.97,22423.8,40911.3,44047.0,204556.5,6742
user00073\session00001\u00073s00001_hw00001.svc,user00073,10829,10829,7454,0,0.0,4205.18,3309.55,11020.02,22433.58,21025.9,112167.9,4205.18,3309.55,11020.02,22433.58,21025.9,112167.9,7047
user00074\session00001\u00074s00001_hw00001.svc,user00074,13549,13549,8424,0,0.0,4668.63,3881.04,12011.27,26979.21,23343.15,134896.05,4668.63,3881.04,12011.27,26979.21,23343.15,134896.05,7628
user00076\session00001\u00076s00001_hw00001.svc,user00076,11457,11457,7638,0,0.0,6742.84,5939.8,14444.58,26090.11,33714.2,130450.55,6742.84,5939.8,14444.58,26090.11,33714.2,130450.55,7424
user00077\session00001\u00077s00001_hw00001.svc,user00077,8904,8904,5525,0,0.0,6247.18,5505.68,14831.43,22007.88,31235.9,110039.4,6247.18,5505.68,14831.43,22007.88,31235.9,110039.4,5337
user00078\session00001\u00078s00001_hw00001.svc,user00078,12410,12410,7917,0,0.0,5580.24,4958.32,13397.05,22279.3,27901.2,111396.5,5580.24,4958.32,13397.05,22279.3,27901.2,111396.5,7416
user00079\session00001\u00079s00001_hw00001.svc,user00079,12405,12405,8681,0,0.0,5058.85,4279.31,12779.61,21688.89,25294.25,108444.45,5058.85,4279.31,12779.61,21688.89,25294.25,108444.45,7997
user00082\session00001\u00082s00001_hw00001.svc,user00082,13598,13598,7015,0,0.0,5767.11,4871.79,13646.74,24976.72,28835.55,124883.6,5767.11,4871.79,13646.74,24976.72,28835.55,124883.6,6648
user00083\session00001\u00083s00001_hw00001.svc,user00083,21342,21342,11898,0,0.0,5196.8,4607.0,11931.24,25876.47,25984.0,129382.35,5196.8,4607.0,11931.24,25876.47,25984.0,129382.35,11224
user00084\session00001\u00084s00001_hw00001.svc,user00084,15274,15274,8242,0,0.0,5562.29,5056.71,12097.99,20454.03,27811.45,102270.15,5562.29,5056.71,12097.99,20454.03,27811.45,102270.15,7688
user00085\session00001\u00085s00001_hw00001.svc,user00085,16327,16327,10100,0,0.0,4679.56,4230.16,10828.19,22308.14,23397.8,111540.7,4679.56,4230.16,10828.19,22308.14,23397.8,111540.7,8886
user00087\session00001\u00087s00001_hw00001.svc,user00087,14615,14615,9734,0,0.0,5585.62,4751.64,13649.77,25388.81,27928.1,126944.05,5585.62,4751.64,13649.77,25388.81,27928.1,126944.05,9031
user00088\session00001\u00088s00001_hw00001.svc,user00088,16039,16039,7727,0,0.0,3851.81,3171.94,9537.04,17561.55,19259.05,87807.75,3851.81,3171.94,9537.04,17561.55,19259.05,87807.75,7242
user00089\session00001\u00089s00001_hw00001.svc,user00089,12512,12512,6770,0,0.0,4511.38,3407.67,12303.85,24548.58,22556.9,122742.9,4511.38,3407.67,12303.85,24548.58,22556.9,122742.9,6328
user00090\session00001\u00090s00001_hw00001.svc,user00090,10731,10731,7086,0,0.0,6977.21,6011.71,16882.78,26251.92,34886.05,131259.6,6977.21,6011.71,16882.78,26251.92,34886.05,131259.6,6817
user00091\session00001\u00091s00001_hw00001.svc,user00091,15034,15034,10199,0,0.0,7034.81,6144.52,16241.88,35190.44,35174.05,175952.2,7034.81,6144.52,16241.88,35190.44,35174.05,175952.2,9767
user00092\session00001\u00092s00001_hw00001.svc,user00092,19119,19119,11193,0,0.0,6036.67,5472.57,13353.17,24819.76,30183.35,124098.8,6036.67,5472.57,13353.17,24819.76,30183.35,124098.8,10200
user00093\session00001\u00093s00001_hw00001.svc,user00093,9715,9715,5408,0,0.0,8217.92,6879.54,18840.22,64436.33,41089.6,322181.65,8217.92,6879.54,18840.22,64436.33,41089.6,322181.65,5213
user00095\session00001\u00095s00001_hw00001.svc,user00095,15875,15875,9615,0,0.0,5149.58,3857.14,14737.15,45172.91,25747.9,225864.55,5149.58,3857.14,14737.15,45172.91,25747.9,225864.55,9021
user00099\session00001\u00099s00001_hw00001.svc,user00099,18112,18112,11659,0,0.0,6813.65,5714.29,17323.06,29762.67,34068.25,148813.35,6813.65,5714.29,17323.06,29762.67,34068.25,148813.35,10991
user00100\session00001\u00100s00001_hw00001.svc,user00100,19141,19141,12438,0,0.0,4023.83,3142.86,10807.11,19534.38,20119.15,97671.9,4023.83,3142.86,10807.11,19534.38,20119.15,97671.9,11743
user00101\session00001\u00101s00001_hw00001.svc,user00101,15855,15855,9583,0,0.0,6081.05,5050.76,16285.71,29843.47,30405.25,149217.35,6081.05,5050.76,16285.71,29843.47,30405.25,149217.35,8950
user00104\session00001\u00104s00001_hw00001.svc,user00104,12476,12476,9956,0,0.0,5256.03,4670.8,12488.36,21514.59,26280.15,107572.95,5256.03,4670.8,12488.36,21514.59,26280.15,107572.95,9234
user00107\session00001\u00107s00001_hw00001.svc,user00107,37475,37475,21499,0,0.0,4730.74,3500.0,14248.38,41880.54,23653.7,209402.7,4730.74,3500.0,14248.38,41880.54,23653.7,209402.7,20154
user00108\session00001\u00108s00001_hw00001.svc,user00108,24930,24930,14910,0,0.0,2858.66,2445.32,6527.81,12230.77,14293.3,61153.85,2858.66,2445.32,6527.81,12230.77,14293.3,61153.85,13590
user00109\session00001\u00109s00001_hw00001.svc,user00109,27872,27872,18043,0,0.0,6270.15,5111.01,15689.37,31217.8,31350.75,156089.0,6270.15,5111.01,15689.37,31217.8,31350.75,156089.0,17046
user00110\session00001\u00110s00001_hw00001.svc,user00110,12922,12922,8954,0,0.0,13954.26,12566.89,31624.52,70315.03,69771.3,351575.15,13954.26,12566.89,31624.52,70315.03,69771.3,351575.15,8444
user00112\session00001\u00112s00001_hw00001.svc,user00112,23478,23478,14293,0,0.0,5852.74,4680.41,14931.37,29474.31,29263.7,147371.55,5852.74,4680.41,14931.37,29474.31,29263.7,147371.55,13413
user00113\session00001\u00113s00001_hw00001.svc,user00113,25256,25256,18791,0,0.0,2717.7,2236.07,6719.84,14458.95,13588.5,72294.75,2717.7,2236.07,6719.84,14458.95,13588.5,72294.75,17374
user00114\session00001\u00114s00001_hw00001.svc,user00114,38674,38674,22869,0,0.0,4552.98,4201.55,10235.51,26163.15,22764.9,130815.75,4552.98,4201.55,10235.51,26163.15,22764.9,130815.75,20539
user00115\session00001\u00115s00001_hw00001.svc,user00115,14314,14314,9180,0,0.0,7378.96,5908.92,19249.44,36927.95,36894.8,184639.75,7378.96,5908.92,19249.44,36927.95,36894.8,184639.75,8412
user00118\session00001\u00118s00001_hw00001.svc,user00118,13167,13167,7981,0,0.0,6901.09,5685.78,17717.17,32807.42,34505.45,164037.1,6901.09,5685.78,17717.17,32807.42,34505.45,164037.1,7421
user00119\session00001\u00119s00001_hw00001.svc,user00119,18405,18405,12608,0,0.0,5606.95,5072.94,12126.16,22506.23,28034.75,112531.15,5606.95,5072.94,12126.16,22506.23,28034.75,112531.15,12039
user00120\session00001\u00120s00001_hw00001.svc,user00120,15291,15291,10706,0,0.0,6031.01,5416.13,12760.87,26797.05,30155.05,133985.25,6031.01,5416.13,12760.87,26797.05,30155.05,133985.25,10418
user00121\session00001\u00121s00001_hw00001.svc,user00121,11493,11493,7058,0,0.0,8519.86,7092.68,21865.25,39227.23,42599.3,196136.15,8519.86,7092.68,21865.25,39227.23,42599.3,196136.15,6535
user00122\session00001\u00122s00001_hw00001.svc,user00122,23495,23495,16917,0,0.0,4704.64,3455.25,13397.22,30992.1,23523.2,154960.5,4704.64,3455.25,13397.22,30992.1,23523.2,154960.5,14474
user00124\session00001\u00124s00001_hw00001.svc,user00124,13505,13505,8412,0,0.0,4923.76,4422.95,11224.86,23297.54,24618.8,116487.7,4923.76,4422.95,11224.86,23297.54,24618.8,116487.7,7887
user00125\session00001\u00125s00001_hw00001.svc,user00125,17497,17497,11972,0,0.0,6688.38,5250.0,18790.52,44054.23,33441.9,220271.15,6688.38,5250.0,18790.52,44054.23,33441.9,220271.15,11068
user00128\session00001\u00128s00001_hw00001.svc,user00128,14296,14296,8531,0,0.0,6162.41,5495.82,13934.86,25120.93,30812.05,125604.65,6162.41,5495.82,13934.86,25120.93,30812.05,125604.65,8130
user00129\session00001\u00129s00001_hw00001.svc,user00129,13440,13440,9468,0,0.0,5103.72,4450.19,12022.07,19458.49,25518.6,97292.45,5103.72,4450.19,12022.07,19458.49,25518.6,97292.45,8882
user00130\session00001\u00130s00001_hw00001.svc,user00130,9914,9914,6749,0,0.0,8316.62,6554.33,22156.54,48257.18,41583.1,241285.9,8316.62,6554.33,22156.54,48257.18,41583.1,241285.9,6386
user00131\session00001\u00131s00001_hw00001.svc,user00131,15358,15358,10612,0,0.0,4560.78,4112.46,10481.28,20414.08,22803.9,102070.4,4560.78,4112.46,10481.28,20414.08,22803.9,102070.4,9570
user00133\session00001\u00133s00001_hw00001.svc,user00133,17410,17410,10126,0,0.0,6050.21,5250.0,14253.32,28558.93,30251.05,142794.65,6050.21,5250.0,14253.32,28558.93,30251.05,142794.65,9279
user00134\session00001\u00134s00001_hw00001.svc,user00134,16703,16703,9656,0,0.0,6312.75,5491.47,14945.36,30900.1,31563.75,154500.5,6312.75,5491.47,14945.36,30900.1,31563.75,154500.5,9163
user00135\session00001\u00135s00001_hw00002.svc,user00135,26568,26568,17476,0,0.0,5374.17,4529.42,13072.79,32829.18,26870.85,164145.9,5374.17,4529.42,13072.79,32829.18,26870.85,164145.9,16265
user00139\session00001\u00139s00001_hw00001.svc,user00139,20160,20160,12512,0,0.0,5355.56,4544.91,12952.82,26757.03,26777.8,133785.15,5355.56,4544.91,12952.82,26757.03,26777.8,133785.15,11741
user00141\session00001\u00141s00001_hw00001.svc,user00141,27749,27749,20848,0,0.0,5159.28,4250.0,13480.9,30074.74,25796.4,150373.7,5159.28,4250.0,13480.9,30074.74,25796.4,150373.7,17024
user00148\session00001\u00148s00001_hw00001.svc,user00148,9632,9632,6074,0,0.0,6468.88,5396.76,15732.59,27857.14,32344.4,139285.7,6468.88,5396.76,15732.59,27857.14,32344.4,139285.7,5803
user00149\session00001\u00149s00001_hw00001.svc,user00149,19741,19741,11302,0,0.0,4320.89,3952.85,9660.13,18831.69,21604.45,94158.45,4320.89,3952.85,9660.13,18831.69,21604.45,94158.45,10693
user00150\session00001\u00150s00001_hw00001.svc,user00150,15840,15840,9508,0,0.0,4529.2,3642.16,11890.53,29529.65,22646.0,147648.25,4529.2,3642.16,11890.53,29529.65,22646.0,147648.25,9042
user00158\session00001\u00158s00001_hw00001.svc,user00158,23179,23179,16966,0,0.0,4286.37,3347.25,10950.96,31058.21,21431.85,155291.05,4286.37,3347.25,10950.96,31058.21,21431.85,155291.05,15840
user00159\session00001\u00159s00001_hw00001.svc,user00159,21690,21690,14306,0,0.0,4856.89,3752.08,13278.36,33235.4,24284.45,166177.0,4856.89,3752.08,13278.36,33235.4,24284.45,166177.0,13062
user00160\session00001\u00160s00001_hw00001.svc,user00160,27011,27011,20384,0,0.0,3189.7,2750.0,7545.03,19931.0,15948.5,99655.0,3189.7,2750.0,7545.03,19931.0,15948.5,99655.0,18738
user00161\session00001\u00161s00001_hw00001.svc,user00161,24009,24009,17418,0,0.0,3638.11,3125.0,8830.4,18931.13,18190.55,94655.65,3638.11,3125.0,8830.4,18931.13,18190.55,94655.65,15791
user00162\session00001\u00162s00001_hw00001.svc,user00162,19234,19234,15365,0,0.0,3978.06,3365.73,9171.9,21147.68,19890.3,105738.4,3978.06,3365.73,9171.9,21147.68,19890.3,105738.4,14573
user00163\session00001\u00163s00001_hw00001.svc,user00163,19245,19245,11394,0,0.0,5086.01,4667.04,11059.22,20861.55,25430.05,104307.75,5086.01,4667.04,11059.22,20861.55,25430.05,104307.75,10857
user00165\session00001\u00165s00001_hw00001.svc,user00165,13812,13812,10214,0,0.0,5364.52,4850.84,12142.86,21716.17,26822.6,108580.85,5364.52,4850.84,12142.86,21716.17,26822.6,108580.85,9565
user00166\session00001\u00166s00001_hw00001.svc,user00166,23357,23357,16597,0,0.0,2417.59,2030.38,6006.58,12734.33,12087.95,63671.65,2417.59,2030.38,6006.58,12734.33,12087.95,63671.65,15216
user00167\session00001\u00167s00001_hw00001.svc,user00167,27526,27526,19981,0,0.0,3486.84,3037.18,7969.33,17638.66,17434.2,88193.3,3486.84,3037.18,7969.33,17638.66,17434.2,88193.3,18405
user00168\session00001\u00168s00001_hw00001.svc,user00168,17468,17468,12082,0,0.0,4269.75,3752.08,9845.84,17297.52,21348.75,86487.6,4269.75,3752.08,9845.84,17297.52,21348.75,86487.6,11385
user00169\session00001\u00169s00001_hw00001.svc,user00169,20281,20281,15118,0,0.0,3582.42,2982.94,8724.82,19463.2,17912.1,97316.0,3582.42,2982.94,8724.82,19463.2,17912.1,97316.0,14101
user00170\session00001\u00170s00001_hw00001.svc,user00170,31336,31336,22268,0,0.0,3064.9,2809.03,6714.06,13236.47,15324.5,66182.35,3064.9,2809.03,6714.06,13236.47,15324.5,66182.35,20178
user00171\session00001\u00171s00001_hw00001.svc,user00171,32758,32758,26319,0,0.0,2636.28,2298.1,6281.17,11522.83,13181.4,57614.15,2636.28,2298.1,6281.17,11522.83,13181.4,57614.15,23537
user00172\session00001\u00172s00001_hw00001.svc,user00172,31484,31484,21864,0,0.0,3240.39,2871.39,7410.0,17512.68,16201.95,87563.4,3240.39,2871.39,7410.0,17512.68,16201.95,87563.4,19016
user00173\session00001\u00173s00001_hw00001.svc,user00173,35488,35488,26183,0,0.0,2898.47,2573.91,6364.64,14655.92,14492.35,73279.6,2898.47,2573.91,6364.64,14655.92,14492.35,73279.6,25104
user00176\session00001\u00176s00001_hw00001.svc,user00176,13214,13214,9369,0,0.0,4941.9,4297.6,11942.46,21124.51,24709.5,105622.55,4941.9,4297.6,11942.46,21124.51,24709.5,105622.55,8731
user00177\session00001\u00177s00001_hw00001.svc,user00177,13740,13740,7045,0,0.0,4554.05,3795.68,11433.21,22161.28,22770.25,110806.4,4554.05,3795.68,11433.21,22161.28,22770.25,110806.4,6608
user00178\session00001\u00178s00001_hw00001.svc,user00178,11083,11083,6579,0,0.0,6230.99,5689.23,14116.01,23130.51,31154.95,115652.55,6230.99,5689.23,14116.01,23130.51,31154.95,115652.55,6326
user00179\session00001\u00179s00001_hw00001.svc,user00179,11251,11251,6151,0,0.0,4226.07,3614.03,9677.88,21114.36,21130.35,105571.8,4226.07,3614.03,9677.88,21114.36,21130.35,105571.8,5893
user00180\session00001\u00180s00001_hw00001.svc,user00180,13785,13785,8377,0,0.0,6075.87,5518.44,13354.67,23620.3,30379.35,118101.5,6075.87,5518.44,13354.67,23620.3,30379.35,118101.5,7871
user00181\session00001\u00181s00001_hw00001.svc,user00181,15908,15908,10042,0,0.0,4820.42,4280.95,11504.21,22439.94,24102.1,112199.7,4820.42,4280.95,11504.21,22439.94,24102.1,112199.7,9041
user00182\session00001\u00182s00001_hw00001.svc,user00182,14068,14068,7722,0,0.0,6089.3,5344.39,14107.6,24926.42,30446.5,124632.1,6089.3,5344.39,14107.6,24926.42,30446.5,124632.1,7255
user00183\session00001\u00183s00001_hw00001.svc,user00183,14802,14802,9539,0,0.0,4414.64,3857.14,10739.97,22406.72,22073.2,112033.6,4414.64,3857.14,10739.97,22406.72,22073.2,112033.6,8637
user00184\session00001\u00184s00001_hw00001.svc,user00184,10747,10747,5668,0,0.0,6918.11,6130.1,15379.57,24563.54,34590.55,122817.7,6918.11,6130.1,15379.57,24563.54,34590.55,122817.7,5465
user00185\session00001\u00185s00001_hw00001.svc,user00185,13790,13790,8478,0,0.0,5427.65,4540.07,13591.32,25866.54,27138.25,129332.7,5427.65,4540.07,13591.32,25866.54,27138.25,129332.7,7735
user00186\session00001\u00186s00001_hw00001.svc,user00186,9447,9447,4752,0,0.0,7028.82,5658.23,18059.65,27340.63,35144.1,136703.15,7028.82,5658.23,18059.65,27340.63,35144.1,136703.15,4512
user00187\session00001\u00187s00001_hw00001.svc,user00187,13774,13774,8595,0,0.0,6518.1,5620.26,15889.26,55557.47,32590.5,277787.35,6518.1,5620.26,15889.26,55557.47,32590.5,277787.35,7968
user00189\session00001\u00189s00001_hw00001.svc,user00189,15763,15763,9753,0,0.0,3925.25,3428.57,9172.2,19689.94,19626.25,98449.7,3925.25,3428.57,9172.2,19689.94,19626.25,98449.7,9177
user00190\session00001\u00190s00001_hw00001.svc,user00190,10342,10342,6261,0,0.0,5300.82,4609.77,12179.06,32234.47,26504.1,161172.35,5300.82,4609.77,12179.06,32234.47,26504.1,161172.35,6034
user00191\session00001\u00191s00001_hw00001.svc,user00191,13928,13928,8780,0,0.0,4642.77,4201.55,9908.36,17091.59,23213.85,85457.95,4642.77,4201.55,9908.36,17091.59,23213.85,85457.95,8377
user00192\session00001\u00192s00001_hw00001.svc,user00192,8680,8680,6017,0,0.0,6513.86,6027.15,14143.9,24119.18,32569.3,120595.9,6513.86,6027.15,14143.9,24119.18,32569.3,120595.9,5778
