dataset,model_key,model_name,features,auroc,auroc_ci,auprc,auprc_ci,brier,sens_at_90_spec,sens_at_90_spec_ci,sens_at_95_spec,operating_threshold,balanced_acc,sensitivity,specificity,f1,time_sec
combined,majority,Majority Class,0,0.4056776556776556,0.290–0.521,0.18241747181964574,0.122–0.266,0.25023956529415514,0.0,0.000–0.000,0.0,0.51,0.4789377289377289,0.16666666666666666,0.7912087912087912,0.1702127659574468,1.01
combined,grade_only,Grade-Only Logistic,1,0.4642857142857143,0.337–0.587,0.19224955026860255,0.129–0.303,0.2509697827885394,0.08333333333333333,0.000–0.190,0.0,0.54,0.49336080586080583,0.041666666666666664,0.945054945054945,0.06666666666666667,1.62
combined,elastic_net,Elastic-Net Logistic Regression,32,0.6094322344322345,0.470–0.748,0.2964535207323943,0.180–0.492,0.22753112848917115,0.20833333333333334,0.000–0.375,0.08333333333333333,0.6,0.5130494505494505,0.125,0.9010989010989011,0.16666666666666666,4.34
combined,svm_rbf,SVM (RBF Kernel),32,0.6451465201465201,0.514–0.761,0.3025166164381943,0.183–0.489,0.1813831114150511,0.08333333333333333,0.000–0.385,0.08333333333333333,0.52,0.5492216117216117,0.20833333333333334,0.8901098901098901,0.2564102564102564,3.39
combined,random_forest,Random Forest,32,0.5558608058608059,0.427–0.678,0.25894873447911154,0.163–0.421,0.1947671268875708,0.20833333333333334,0.000–0.381,0.041666666666666664,0.53,0.5393772893772893,0.16666666666666666,0.9120879120879121,0.2222222222222222,17.74
combined,gradient_boosting,Gradient Boosting,32,0.5389194139194139,0.405–0.673,0.2374507323196978,0.155–0.370,0.20643406776333376,0.0,0.000–0.333,0.0,0.54,0.5382326007326007,0.20833333333333334,0.8681318681318682,0.24390243902439024,7.67
hindi,majority,Majority Class,0,0.47893772893772896,0.397–0.572,0.20289855072463767,0.141–0.288,0.2502395322463047,0.0,0.000–0.000,0.0,0.51,0.4789377289377289,0.16666666666666666,0.7912087912087912,0.1702127659574468,0.66
hindi,grade_only,Grade-Only Logistic,1,0.4558150183150183,0.337–0.592,0.19095754071780724,0.129–0.303,0.2505505453815089,0.08333333333333333,0.000–0.191,0.0,0.54,0.5,0.0,1.0,0.0,1.76
hindi,elastic_net,Elastic-Net Logistic Regression,31,0.6465201465201466,0.517–0.758,0.3576799142668809,0.211–0.531,0.21522677001993756,0.20833333333333334,0.043–0.414,0.16666666666666666,0.6,0.5425824175824177,0.25,0.8351648351648352,0.26666666666666666,4.5
hindi,svm_rbf,SVM (RBF Kernel),31,0.6025641025641025,0.478–0.720,0.299883187160493,0.179–0.461,0.1971137293968809,0.125,0.000–0.305,0.08333333333333333,0.54,0.5064102564102564,0.16666666666666666,0.8461538461538461,0.19047619047619047,2.45
hindi,random_forest,Random Forest,31,0.6332417582417583,0.499–0.757,0.3057838128887543,0.192–0.488,0.17567547963604607,0.16666666666666666,0.000–0.385,0.08333333333333333,0.53,0.518543956043956,0.125,0.9120879120879121,0.17142857142857143,14.95
hindi,gradient_boosting,Gradient Boosting,31,0.5819597069597069,0.439–0.708,0.3001666838521469,0.185–0.489,0.1951413699781642,0.20833333333333334,0.043–0.478,0.125,0.54,0.5590659340659341,0.25,0.8681318681318682,0.2857142857142857,6.26
english,majority,Majority Class,0,0.5064102564102564,0.386–0.629,0.20648399758454106,0.136–0.302,0.2502395316267266,0.0,0.000–0.000,0.0,0.51,0.4789377289377289,0.16666666666666666,0.7912087912087912,0.1702127659574468,0.9
english,grade_only,Grade-Only Logistic,1,0.48580586080586075,0.351–0.603,0.20022655985154245,0.133–0.315,0.2507367345204167,0.041666666666666664,0.000–0.200,0.0,0.56,0.5,0.0,1.0,0.0,1.45
english,elastic_net,Elastic-Net Logistic Regression,28,0.5247252747252747,0.384–0.656,0.2721882648796281,0.149–0.428,0.23572601385601755,0.16666666666666666,0.000–0.348,0.041666666666666664,0.57,0.5382326007326007,0.20833333333333334,0.8681318681318682,0.24390243902439024,4.28
english,svm_rbf,SVM (RBF Kernel),28,0.5659340659340659,0.423–0.701,0.30574365982462104,0.175–0.485,0.21303150097197152,0.20833333333333334,0.000–0.455,0.041666666666666664,0.66,0.5098443223443223,0.041666666666666664,0.978021978021978,0.07407407407407407,2.46
english,random_forest,Random Forest,28,0.5073260073260073,0.373–0.634,0.22728129620511592,0.145–0.374,0.2059759157325568,0.16666666666666666,0.000–0.310,0.0,0.53,0.5338827838827839,0.16666666666666666,0.9010989010989011,0.21621621621621623,17.53
english,gradient_boosting,Gradient Boosting,28,0.4871794871794872,0.361–0.620,0.2464240451525279,0.149–0.432,0.2105395560209261,0.20833333333333334,0.038–0.370,0.125,0.53,0.5602106227106227,0.20833333333333334,0.9120879120879121,0.2702702702702703,5.76
