feature,school_a_median,school_b_median,median_difference,ks_statistic,p_value,is_invariant
baseline_rmse_norm_own_mean,1.0688610875533893,1.0276420060623286,-0.04121908149106068,0.06608695652173913,0.9926519161713251,True
component_height_cv_std,0.1954917443116622,0.20979232406606269,0.014300579754400494,0.06684981684981695,0.9793627534495696,True
shirorekha_tilt_var_std,0.0093724764018672,0.0104944283959187,0.0011219519940515003,0.06868131868131871,0.9738584315726939,True
words_written_ratio_copy_mean,0.9642857142857142,0.6607142857142856,-0.3035714285714286,0.07509157509157499,0.9456208498471376,True
baseline_slope_mean_mean,0.0003658486174798,0.0009626814641362999,0.0005968328466565,0.07600732600732601,0.9401767001787262,True
words_written_ratio_eng_mean,0.4285714285714285,0.4642857142857142,0.0357142857142857,0.08333333333333337,0.8903665803047895,True
shirorekha_rms_deviation_norm_mean,0.0519776876244323,0.0539880348277756,0.002010347203343303,0.0831457698927579,0.890227647985502,True
jerk_proxy_std,4.7052886797187,4.649103558058787,-0.056185121659913406,0.08424908424908423,0.8829974458039357,True
tortuosity_median_mean,1.0821175507404874,1.0830271857853988,0.0009096350449113721,0.0915750915750917,0.81566355276397,True
components_per_unit_width_hindi_mean,0.1474038468251226,0.13486530841099095,-0.012538538414131634,0.09157509157509156,0.81566355276397,True
jerk_proxy_eng_mean,17.07394653989198,16.709102350869195,-0.3648441890227865,0.09249084249084244,0.8065761824170191,True
gap_cv_dict_mean,1.4119797330780148,1.644547104456845,0.2325673713788301,0.10158730158730161,0.797393063780764,True
jerk_proxy_own_minus_copy,-0.2522511122556388,-0.5822710744174913,-0.3300199621618525,0.10136986301369877,0.7893087129752381,True
tangent_variance_short_wavelength_cv,0.2522665561760567,0.2482060105204703,-0.0040605456555863895,0.09523809523809512,0.7785879427485458,True
matra_ratio_std,0.259536852762381,0.2372240994420079,-0.02231275332037308,0.09523809523809523,0.7785879427485458,True
jerk_proxy_eng_minus_hindi,-6.165530571455726,-5.296907318895791,0.8686232525599351,0.09615384615384603,0.7689943760205444,True
tangent_variance_short_wavelength_std,0.0903243324573043,0.09432468466104126,0.0040003522037369565,0.09890109890109877,0.7393568843171318,True
shirorekha_rms_deviation_norm_max,0.0697315696254136,0.0688919971049251,-0.0008395725204884963,0.10035747385144976,0.7232193090765534,True
jerk_proxy_max,26.943173662582613,26.868792942488724,-0.07438072009388819,0.10073260073260074,0.7195618767593978,True
junctions_per_unit_width_hindi_mean,1.1134011205923613,1.2120150773924117,0.09861395680005036,0.10256410256410264,0.6993156873652262,True
jerk_proxy_cv,0.2300032025643181,0.22265173733600735,-0.007351465228310761,0.10347985347985356,0.6890352480387605,True
words_written_ratio_std,0.6999554569566238,0.6589728371106847,-0.040982619845939094,0.10347985347985356,0.6890352480387605,True
endpoints_per_unit_width_mean,1.6574920767299457,1.5874052920236812,-0.0700867847062645,0.10347985347985345,0.6890352480387605,True
baseline_rmse_norm_std,0.829914226887916,0.8361992661496378,0.006285039261721748,0.10439560439560447,0.6787057384771137,True
ascender_descender_ratio_std,0.2664581399320586,0.264261962999669,-0.002196176932389604,0.10531135531135549,0.6683717578223212,True
components_per_unit_width_cv,0.6893225349597818,0.650169642511732,-0.03915289244804976,0.10531135531135521,0.6683717578223212,True
jerk_proxy_mean,19.758911460798878,20.134552428657422,0.3756409678585442,0.10897435897435895,0.6276242242541046,True
components_per_unit_width_eng_minus_hindi,0.1661798928694824,0.12700800490945896,-0.03917188796002344,0.11080586080586063,0.6075531050481277,True
matra_ratio_max,2.148183446868172,2.0692128245658994,-0.07897062230227281,0.1122732688997749,0.5915168497743595,True
jerk_proxy_hindi_mean,22.761718728473067,22.840613529985937,0.07889480151287032,0.11263736263736257,0.5874568619739422,True
jerk_proxy_copy_mean,19.965235457997736,19.392938814047227,-0.5722966439505086,0.11263736263736257,0.5874568619739422,True
h_over_r_mean,0.3601532567049808,0.35049019607843124,-0.009663060626549536,0.11538461538461539,0.5569075596579254,True
h_over_r_cv,0.4319461358646992,0.4224108305832147,-0.009535305281484496,0.11630036630036622,0.5467909336621715,True
shirorekha_breaks_per_word_std,0.2710575994548431,0.2968520710939724,0.02579447163912929,0.11813186813186821,0.5269322835782907,True
baseline_rmse_norm_dict_mean,1.0756620512007418,1.0320804231611935,-0.04358162803954824,0.13015873015873003,0.5104610329125471,True
word_height_cv_dict_minus_copy,-0.0495695794431039,-0.0532229616206241,-0.0036533821775201966,0.13333333333333336,0.4800131348681249,True
slant_circular_std_deg_std,1.4251489791258918,1.345483839863482,-0.0796651392624097,0.12271062271062261,0.47997822076346414,True
slant_circular_std_deg_cv,0.0658622564369009,0.0600575395299403,-0.005804716906960598,0.12271062271062261,0.47997822076346414,True
baseline_slope_mean_cv,2.44318293824928,2.438309872244462,-0.004873066004817961,0.12362637362637352,0.4707077385611194,True
baseline_slope_mean_std,0.0258416279040344,0.019107220800587,-0.006734407103447398,0.12545787545787546,0.4521519652584075,True
baseline_rmse_norm_copy_mean,1.2490140969904415,1.1501477386586707,-0.09886635833177082,0.12820512820512808,0.42483121329116086,True
baseline_rmse_norm_dict_minus_copy,-0.05245340503930855,-0.1412263968921541,-0.08877299185284555,0.13968253968253963,0.4222122821871615,True
components_per_unit_width_own_mean,0.2446763684600678,0.2709639353934655,0.026287566933397732,0.1395433789954339,0.41899406514944054,True
matra_ratio_mean,1.970117724601642,1.9056265574027211,-0.06449116719892078,0.1309413478088176,0.4000042561798776,True
rule_offset_std_std,0.1055511078369968,0.11567810404794679,0.010126996210949993,0.1318681318681319,0.3907455381462663,True
component_height_cv_cv,0.2876683821700507,0.3177592753414184,0.030090893171367705,0.13369963369963378,0.37461941032201757,True
gap_fraction_above_2h_cv,0.5337542156032302,0.589986142217078,0.056231926613847794,0.13736263736263743,0.34282790005251884,True
components_per_unit_width_dict_mean,0.2183608236666635,0.21248134809026775,-0.00587947557639576,0.1543612637362637,0.2923558654558711,True
word_height_cv_cv,0.3201440070692109,0.3502791033749408,0.030135096305729858,0.14468864468864473,0.28503663694969134,True
jerk_proxy_own_mean,19.74444164141737,19.45890624605497,-0.2855353953624018,0.1572602739726027,0.275164091273953,True
baseline_rmse_norm_own_minus_copy,-0.2788839883012297,-0.1552711621590708,0.12361282614215888,0.16115942028985508,0.2692955471225861,True
words_written_ratio_mean,0.7559523809523809,0.7946428571428572,0.038690476190476275,0.14743589743589747,0.2652887346056781,True
word_height_cv_eng_minus_hindi,0.0008132842690786,-0.0141325101684252,-0.0149457944375038,0.14907983582682383,0.25445179994696787,True
h_over_r_std,0.1515228816828316,0.1503820346301962,-0.0011408470526353964,0.1501831501831501,0.24634234612084413,True
jerk_proxy_dict_minus_copy,0.2688005842070531,1.1200781676717888,0.8512775834647357,0.16208791208791218,0.24230191024420586,True
shirorekha_tilt_var_mean,0.0153991812269283,0.0193914216506525,0.003992240423724199,0.15291936978683973,0.22968085921020975,True
shirorekha_rms_deviation_norm_std,0.0101013504018799,0.01343451555485425,0.003333165152974351,0.15293040293040283,0.22851944690831666,True
slant_mean_deg_cv,1.0123454123966908,0.7648538021664154,-0.24749161023027544,0.1529304029304029,0.22851944690831666,True
baseline_rmse_norm_max,2.313809876619675,2.2033587879761267,-0.11045108864354836,0.15659340659340654,0.20650539947767133,True
junctions_per_unit_width_own_mean,1.1762327329952789,1.2451737451737452,0.06894101217846638,0.17205479452054806,0.18908653113347235,True
slant_mean_deg_std,3.144901822221841,3.0342736272622,-0.1106281949596406,0.16208791208791218,0.17634080320966758,True
word_height_cv_std,0.1137123764858908,0.1097746390675423,-0.003937737418348505,0.16300366300366287,0.17167110388281429,True
words_written_ratio_eng_minus_hindi,-0.2976190476190476,-0.4464285714285714,-0.14880952380952378,0.16575091575091574,0.15827472969428727,True
components_per_unit_width_mean,0.2490799970604265,0.22373402175671248,-0.02534597530371402,0.1657509157509156,0.15827472969428727,True
baseline_rmse_norm_mean,1.1736192551394198,1.0318445718023896,-0.14177468333703014,0.16575091575091572,0.15827472969428727,True
tortuosity_median_std,0.0132866126008356,0.01188207472178735,-0.00140453787904825,0.16849816849816845,0.14570973015011462,True
word_width_per_char_std,18.827000244822496,14.870187408589405,-3.956812836233091,0.16941391941391937,0.14170256961173192,True
components_per_unit_width_eng_mean,0.327975982399968,0.283127028262343,-0.04484895413762502,0.17032967032967028,0.13778594485662254,True
tortuosity_median_cv,0.0123785954602062,0.0109852386250927,-0.001393356835113501,0.1712454212454212,0.13395917801206314,True
jerk_proxy_dict_mean,19.50131076057911,21.060096897560324,1.5587861369812153,0.18646978021978033,0.1254167020538562,True
gap_cv_mean,0.7160422052533968,1.1002305814921556,0.3841883762387588,0.17490842490842495,0.11952150032673704,True
components_per_unit_width_max,0.5128205128205128,0.39881265565260093,-0.11400785716791184,0.17490842490842484,0.11952150032673704,True
rule_offset_mean_mean,7.260841479471773e-16,7.689024792706938e-16,4.281833132351649e-17,0.17490842490842495,0.11952150032673704,True
components_per_unit_width_std,0.1675095403951696,0.13535913575011194,-0.03215040464505767,0.17948717948717946,0.1032249379385872,True
baseline_rmse_norm_hindi_mean,1.439091831725067,1.6275440144689255,0.18845218274385855,0.18131868131868145,0.09725113265407957,True
word_height_cv_own_mean,0.3135137369373041,0.3054448170956422,-0.008068919841661915,0.20289855072463758,0.08682391722782498,True
words_written_ratio_cv,0.6846519987404598,0.7024274275627328,0.01777542882227301,0.18498168498168488,0.08621548314183825,True
endpoints_per_unit_width_own_mean,1.3439121306320014,1.4911761257035647,0.1472639950715633,0.2016438356164384,0.0819348555509235,True
words_written_ratio_min,0.2142857142857142,0.2857142857142857,0.07142857142857151,0.18681318681318687,0.08109711665450894,True
gap_cv_dict_minus_copy,3.54647611923719,0.882320776507175,-2.664155342730015,0.20317460317460312,0.08042486931451363,True
baseline_rmse_norm_fatigue_delta,-0.2204570859689265,0.0,0.2204570859689265,0.18772893772893784,0.07862527787755112,True
baseline_rmse_norm_cv,0.7664644431491368,0.8031609004393182,0.03669645729018145,0.1923076923076924,0.06716586559531018,True
gap_cv_own_mean,1.1504714905726536,1.461772626564278,0.31130113599162446,0.21275362318840585,0.06406376407842244,True
tangent_variance_short_wavelength_mean,0.3782685637194964,0.3872454601629144,0.008976896443417981,0.19505494505494508,0.06104449362398472,True
gap_fraction_above_2h_std,0.1712141792098699,0.20028117782208435,0.029066998612214456,0.19688644688644708,0.057239941376522045,True
gap_fraction_above_2h_mean,0.3394167426776122,0.3671802054154995,0.027763462737887323,0.197802197802198,0.055409952806026674,True
gap_cv_hindi_mean,0.1469981477913862,1.898348216621054,1.7513500688296677,0.1996336996336997,0.05188440050801719,True
words_written_ratio_dict_minus_copy,-0.0476190476190476,0.0714285714285714,0.119047619047619,0.21909340659340665,0.04463881892476914,False
ascender_descender_ratio_mean,1.7804791830888045,1.656062119766944,-0.12441706332186042,0.20428968621739707,0.0442935870399424,False
gap_cv_own_minus_copy,2.45039784675254,2.9062209301679767,0.45582308341543687,0.22840579710144926,0.03827399729840569,False
slant_mean_deg_mean,0.0050704786687201,1.6126320124399733,1.6075615337712532,0.20879120879120894,0.037035591557418424,False
gap_cv_eng_minus_hindi,1.2222294656624937,-1.5945826708510342,-2.816812136513528,0.20958559512776376,0.03639505615788735,False
shirorekha_breaks_per_word_mean,1.0357142857142856,0.9444444444444444,-0.09126984126984117,0.2117039586919105,0.03359057736259633,False
junctions_per_unit_width_mean,1.5779392901889218,1.407516683796508,-0.1704226063924137,0.21428571428571422,0.03001387220484092,False
component_height_cv_mean,0.6873526792079164,0.6155320504989146,-0.07182062870900185,0.21611721611721613,0.027954034171175732,False
rule_offset_std_cv,0.4590049999304676,0.540889718958059,0.08188471902759142,0.2170329670329671,0.02697418590775726,False
words_written_ratio_dict_mean,0.6190476190476191,0.8630952380952381,0.24404761904761907,0.2350618131868133,0.025466856621926583,False
endpoints_per_unit_width_max,3.1182072829131657,2.628797429745008,-0.48940985316815766,0.22619047619047616,0.018702655191324316,False
kappa_sign_changes_per_h_cv,0.1264122136237997,0.15717594805745394,0.03076373443365424,0.22802197802197816,0.01735048722619894,False
words_written_ratio_hindi_mean,0.9166666666666669,1.0178571428571428,0.10119047619047594,0.228937728937729,0.016708316030212157,False
endpoints_per_unit_width_hindi_mean,1.1618133391902266,1.420388437681384,0.25857509849115745,0.228937728937729,0.016708316030212157,False
gap_cv_cv,2.259083447798919,1.7433685058781268,-0.515714941920792,0.23443223443223438,0.013277834274166516,False
rule_offset_std_mean,0.2475987758357255,0.22581133019670313,-0.02178744563902238,0.23809523809523803,0.011355884440056621,False
kappa_sign_changes_per_h_mean,3.05578120590192,2.9366966260969285,-0.11908457980499154,0.23901098901098888,0.010916440441792798,False
junctions_per_unit_width_eng_minus_hindi,0.6762987730978804,0.3621287893722308,-0.31416998372564964,0.2408424908424908,0.010083051164090383,False
endpoints_per_unit_width_std,0.9318073797982676,0.7555316807561685,-0.17627569904209905,0.2426739926739926,0.009307174092403009,False
gap_cv_max,10.870700125204507,6.035340427845615,-4.835359697358893,0.24450549450549441,0.008585833863502356,False
components_per_unit_width_dict_minus_copy,-0.0462027846036907,0.0057338915013138494,0.05193667610500455,0.2640796703296704,0.008255157771913425,False
endpoints_per_unit_width_cv,0.6019299771983249,0.48395115703953095,-0.1179788201587939,0.24542124542124538,0.00824475801753835,False
word_width_per_char_cv,0.3967048434414906,0.5053181746147386,0.108613331173248,0.2490842490842492,0.007000528091353589,False
endpoints_per_unit_width_eng_mean,2.0510596621017703,1.8075759173920192,-0.2434837447097511,0.2490842490842491,0.007000528091353589,False
word_height_cv_own_minus_copy,-0.1146531566274213,-0.0698819593126854,0.0447711973147359,0.2771014492753623,0.006079071118514644,False
junctions_per_unit_width_cv,0.684841202953662,0.5730998395764044,-0.1117413633772576,0.2591575091575091,0.004405073730380187,False
kappa_sign_changes_per_h_std,0.4011307209716984,0.4579809588884883,0.05685023791678989,0.2646520146520147,0.0033936712358011863,False
gap_mean_std,1.609327547245261,1.0571187588129163,-0.5522087884323448,0.2646520146520146,0.0033936712358011863,False
lines_used_mean,1.3333333333333333,1.1666666666666667,-0.16666666666666652,0.2701465201465201,0.002600792097530207,False
components_per_unit_width_copy_mean,0.2505325630165032,0.18046320577099828,-0.07006935724550489,0.271062271062271,0.0024867803194144784,False
slant_circular_std_deg_mean,21.36756620548408,22.239717665408662,0.8721514599245808,0.2793040293040294,0.0016473486955831586,False
endpoints_per_unit_width_eng_minus_hindi,0.7552004799119926,0.3216073106593548,-0.4335931692526378,0.2811355311355311,0.0015010986670544537,False
word_height_cv_dict_mean,0.37689930077565387,0.3323728533872859,-0.04452644738836797,0.3063492063492063,0.0014134454042862596,False
junctions_per_unit_width_dict_mean,1.090702883852767,1.444863277373729,0.35416039352096207,0.30563186813186816,0.001287030302980283,False
gap_cv_copy_mean,-2.164729579968953,0.9480650198426896,3.112794599811643,0.28479853479853484,0.0012437422604106127,False
rule_offset_mean_std,3.520136445058277e-15,2.6337169315672886e-15,-8.864195134909884e-16,0.2912087912087911,0.0008889478948608254,False
rule_offset_mean_cv,3.520136441619929e-09,2.633716926988735e-09,-8.86419514631194e-10,0.2912087912087911,0.0008889478948608254,False
word_height_cv_hindi_mean,0.379397142366716,0.3373641738615639,-0.04203296850515209,0.3122710622710622,0.00027936445986917165,False
components_per_unit_width_fatigue_delta,-0.0434979459100788,0.00021811772300135,0.04371606363308015,0.31684981684981683,0.00021476062810447784,False
components_per_unit_width_own_minus_copy,-0.0528479386722176,0.049091573022614,0.10193951169483159,0.3448401826484019,0.0001913092282342728,False
junctions_per_unit_width_eng_mean,1.9824159849826488,1.509379266108747,-0.47303671887390175,0.32142857142857134,0.00016445134926240678,False
gap_fraction_below_0_3h_std,0.168687836885048,0.23434357837155062,0.06565574148650263,0.32600732600732607,0.00012541034374015326,False
word_height_cv_eng_mean,0.3907075860033788,0.3185114971540945,-0.0721960888492843,0.3272871706606646,0.00012179099798877636,False
gap_cv_std,9.777742020415596,5.327649775745933,-4.450092244669663,0.3278388278388278,0.00011237972377425494,False
gap_cv_eng_mean,0.6466063017426127,0.4321043125996781,-0.2145019891429346,0.33324506818482724,8.399024008850259e-05,False
baseline_rmse_norm_eng_mean,0.7212897859605318,0.4255269304442961,-0.2957628555162357,0.35032437442076,2.9367454265388413e-05,False
junctions_per_unit_width_max,3.4355828220858897,2.3906215930771326,-1.044961229008757,0.3516483516483515,2.5473406078264525e-05,False
word_height_cv_mean,0.3969383168134573,0.3197765979216979,-0.07716171889175943,0.35256410256410253,2.4005763608155733e-05,False
junctions_per_unit_width_std,1.1288459210196011,0.7935915568694236,-0.3352543641501775,0.3589743589743589,1.5783227411443014e-05,False
endpoints_per_unit_width_dict_mean,1.2047542323970757,1.6462968932982969,0.4415426609012212,0.3861607142857143,1.5720984713880747e-05,False
baseline_rmse_norm_eng_minus_hindi,-0.6251669137631389,-1.105335925096386,-0.48016901133324696,0.3691248510525619,8.520968798611581e-06,False
gap_mean_cv,1.6741482956565388,0.9011016006410668,-0.773046695015472,0.37454212454212443,5.49945227272048e-06,False
endpoints_per_unit_width_copy_mean,2.2640266809064764,1.5331005052424884,-0.730926175663988,0.3864468864468864,2.3769239881116574e-06,False
lines_used_std,0.816496580927726,0.408248290463863,-0.408248290463863,0.3937728937728937,1.398110976853238e-06,False
word_height_cv_copy_mean,0.451597687750188,0.350783643897619,-0.10081404385256898,0.4102564102564102,4.0698368835550046e-07,False
gap_mean_mean,0.2173277712760501,1.1323509834143333,0.9150232121382832,0.42032967032967034,1.8616007044733092e-07,False
endpoints_per_unit_width_dict_minus_copy,-1.0325745932322945,0.1834313375006607,1.2160059307329552,0.45552884615384626,1.3841478315726683e-07,False
word_height_cv_max,0.538050831751722,0.45426948785571897,-0.083781343896003,0.4377289377289377,4.576824347956716e-08,False
gap_fraction_below_0_3h_mean,0.3761363636363636,0.27780120206590786,-0.09833516157045574,0.4413919413919414,3.381862636332507e-08,False
endpoints_per_unit_width_own_minus_copy,-1.286967870582206,-0.0717676803708036,1.2152001902114025,0.4752511415525114,3.296655566753395e-08,False
word_width_per_char_mean,48.93733414418399,32.461419471771634,-16.475914672412358,0.45238095238095233,1.3373274464348805e-08,False
junctions_per_unit_width_dict_minus_copy,-1.18174495679515,0.1349998882485095,1.3167448450436594,0.49605082417582425,5.8176782313546306e-09,False
lines_used_cv,0.6123719764168123,0.3499268061746201,-0.2624451702421922,0.46520146520146505,4.38450099186442e-09,False
junctions_per_unit_width_copy_mean,2.260159727027623,1.2417756144345184,-1.0183841125931044,0.4697802197802197,2.917015922535589e-09,False
junctions_per_unit_width_own_minus_copy,-1.4140060858866077,-0.1169047285757243,1.2971013573108834,0.5411872146118721,1.6185758949478232e-10,False
endpoints_per_unit_width_fatigue_delta,-1.0191847414620367,0.0,1.0191847414620367,0.500915750915751,1.6111825327548615e-10,False
gap_fraction_below_0_3h_cv,0.4567218124808123,0.890786877651406,0.4340650651705937,0.5283882783882785,1.0464295826804439e-11,False
