student_id,label,grade,repeat_0_fold,repeat_1_fold,repeat_2_fold,repeat_3_fold,repeat_4_fold
G3_A_Roll01,0,3,2,4,3,1,2
G3_A_Roll02,0,3,1,0,3,1,2
G3_A_Roll03,0,3,3,1,0,2,1
G3_A_Roll05,0,3,4,1,0,2,2
G3_A_Roll06,0,3,0,1,3,3,2
G3_A_Roll07,0,3,1,0,0,3,0
G3_A_Roll08,0,3,2,0,2,1,4
G3_A_Roll09,0,3,3,0,4,3,4
G3_A_Roll10,0,3,0,2,2,1,0
G3_A_Roll12,1,3,3,2,2,2,4
G3_A_Roll14,0,3,2,3,0,2,3
G3_A_Roll13,1,3,4,3,1,3,3
G3_A_Roll15,1,3,1,2,1,1,1
G3_A_Roll16,0,3,4,4,2,1,3
G3_A_Roll17,0,3,1,3,0,0,1
G3_A_Roll19,1,3,0,4,2,4,1
G3_A_Roll20,0,3,3,0,1,2,0
G3_A_Roll21,0,3,3,1,0,0,1
G3_A_Roll22,0,3,0,0,0,4,2
G3_A_Roll23,0,3,0,3,4,1,3
G3_A_Roll04,0,3,0,4,4,1,4
G4_A_Roll01,0,4,1,3,4,3,3
G4_A_Roll11,1,4,3,4,2,2,3
G4_A_Roll12,0,4,2,4,4,4,0
G4_A_Roll13,0,4,3,2,4,1,2
G4_A_Roll14,1,4,2,4,1,4,0
G4_A_Roll15,0,4,0,2,0,4,3
G4_A_Roll16,0,4,3,4,0,0,4
G4_A_Roll17,1,4,2,1,3,2,0
G4_A_Roll18,0,4,4,2,3,1,4
G4_A_Roll19,0,4,1,4,2,3,2
G4_A_Roll20,0,4,1,0,4,0,0
G4_A_Roll02,0,4,0,4,2,1,4
G4_A_Roll22,1,4,0,1,1,1,1
G4_A_Roll23,1,4,1,3,0,1,2
G4_A_Roll24,0,4,3,2,3,1,1
G4_A_Roll25,0,4,3,4,3,2,4
G4_A_Roll26,0,4,1,1,1,3,4
G4_A_Roll03,0,4,4,2,2,4,0
G4_A_Roll04,0,4,0,2,1,4,1
G4_A_Roll05,0,4,3,0,1,4,2
G4_A_Roll06,0,4,0,3,2,3,1
G4_A_Roll07,0,4,2,2,2,4,3
G4_A_Roll08,0,4,2,3,2,3,4
G4_A_Roll09,1,4,1,2,2,4,2
G5_A_Roll01,0,5,0,2,0,1,3
G5_A_Roll02,0,5,2,1,0,4,1
G5_A_Roll03,0,5,1,4,1,0,2
G5_A_Roll04,0,5,0,3,0,4,0
G5_A_Roll05,1,5,2,3,4,0,3
G5_A_Roll06,0,5,4,0,3,3,1
G5_A_Roll07,1,5,1,1,0,4,4
G5_A_Roll08,0,5,1,3,1,0,4
G5_A_Roll09,0,5,1,0,4,2,4
G5_A_Roll10,0,5,4,4,2,2,3
G5_A_Roll11,0,5,1,4,1,2,0
G5_A_Roll12,0,5,2,2,3,0,0
G5_A_Roll13,0,5,0,3,1,2,1
G5_A_Roll14,0,5,1,3,2,3,2
G5_A_Roll15,0,5,0,4,1,3,2
G5_A_Roll16,0,5,0,4,3,0,3
G6_A_Roll01,0,6,2,2,0,4,4
G6_A_Roll02,0,6,0,2,3,3,1
G6_A_Roll03,0,6,3,3,4,4,4
G6_A_Roll04,0,6,0,1,1,1,2
G6_A_Roll05,0,6,4,2,4,2,3
G6_A_Roll07,0,6,1,1,4,3,3
G6_A_Roll08,0,6,4,3,2,0,1
G6_A_Roll09,0,6,3,0,2,0,2
G6_A_Roll10,0,6,4,2,4,3,0
G6_A_Roll11,0,6,2,1,1,2,2
G6_A_Roll12,0,6,2,3,1,2,0
G6_A_Roll13,0,6,2,1,3,4,3
G6_A_Roll14,1,6,4,4,3,4,3
G6_A_Roll15,0,6,2,0,4,2,1
G6_A_Roll16,1,6,4,0,3,3,0
G6_A_Roll17,0,6,4,1,4,4,2
G6_A_Roll18,1,6,3,2,3,1,2
G6_A_Roll19,0,6,3,0,0,4,3
G6_A_Roll20,0,6,4,0,4,4,0
G6_A_Roll21,0,6,4,1,0,2,1
G6_A_Roll22,1,6,0,0,4,0,4
G6_A_Roll23,0,6,2,0,3,2,2
G6_A_Roll24,1,6,4,0,0,2,3
G6_A_Roll25,1,6,3,1,2,3,0
G6_A_Roll26,1,6,3,4,4,0,1
G6_A_Roll27,1,6,2,1,1,3,2
G6_A_Roll28,1,6,1,2,0,1,4
G6_A_Roll29,0,6,3,0,0,0,3
G6_A_Roll30,0,6,2,1,4,0,0
G7_A_Roll01,0,7,4,2,1,0,4
G7_A_Roll02,0,7,3,3,3,1,0
G7_A_Roll03,0,7,1,4,2,3,0
G7_A_Roll04,0,7,4,4,4,3,1
G7_A_Roll05,0,7,3,3,1,0,1
G7_A_Roll06,1,7,2,3,4,0,4
G7_A_Roll07,0,7,3,4,2,4,0
G7_A_Roll08,0,7,4,3,4,1,1
G7_A_Roll09,0,7,2,1,2,0,0
G7_A_Roll10,0,7,1,2,3,0,3
G7_A_Roll11,0,7,0,3,1,2,1
G7_A_Roll12,1,7,0,3,4,2,2
G7_A_Roll13,0,7,2,0,3,1,4
G7_A_Roll14,0,7,1,4,2,0,0
G7_A_Roll15,1,7,4,0,3,3,1
G7_A_Roll16,0,7,0,1,1,2,3
G7_A_Roll17,0,7,1,0,0,4,1
G7_A_Roll18,0,7,4,2,1,0,4
G7_A_Roll19,0,7,4,4,0,2,2
G7_A_Roll20,0,7,4,2,3,3,3
G7_A_Roll21,0,7,1,1,3,0,0
G7_A_Roll22,0,7,3,0,2,1,4
G7_A_Roll23,0,7,3,1,1,4,4
G7_A_Roll24,0,7,0,3,3,3,3
G7_A_Roll25,0,7,2,1,0,1,2
