user_id,diagnosis,is_dysgraphic,age,sex,handedness,num_strokes,total_points,on_surface_points,duration_sec,full_page_image,task_1_l_normal,task_2_l_fast,task_3_le_normal,task_4_le_fast,task_5_leto,task_6_lamoken,task_7_hrackarstvo,task_8_sentence
00006,dysgraphic,True,15,female,right,73,15534,8322,132.9,full_page\dysgraphic\user_00006_full.png,by_task\task_1_l_normal\dysgraphic\user_00006_task_1_l_normal.png,by_task\task_2_l_fast\dysgraphic\user_00006_task_2_l_fast.png,by_task\task_3_le_normal\dysgraphic\user_00006_task_3_le_normal.png,by_task\task_4_le_fast\dysgraphic\user_00006_task_4_le_fast.png,by_task\task_5_leto\dysgraphic\user_00006_task_5_leto.png,by_task\task_6_lamoken\dysgraphic\user_00006_task_6_lamoken.png,by_task\task_7_hrackarstvo\dysgraphic\user_00006_task_7_hrackarstvo.png,by_task\task_8_sentence\dysgraphic\user_00006_task_8_sentence.png
00007,dysgraphic,True,15,male,right,62,19943,10666,163.22,full_page\dysgraphic\user_00007_full.png,by_task\task_1_l_normal\dysgraphic\user_00007_task_1_l_normal.png,by_task\task_2_l_fast\dysgraphic\user_00007_task_2_l_fast.png,by_task\task_3_le_normal\dysgraphic\user_00007_task_3_le_normal.png,by_task\task_4_le_fast\dysgraphic\user_00007_task_4_le_fast.png,by_task\task_5_leto\dysgraphic\user_00007_task_5_leto.png,by_task\task_6_lamoken\dysgraphic\user_00007_task_6_lamoken.png,by_task\task_7_hrackarstvo\dysgraphic\user_00007_task_7_hrackarstvo.png,by_task\task_8_sentence\dysgraphic\user_00007_task_8_sentence.png
00008,dysgraphic,True,14,male,right,49,11177,7514,106.02,full_page\dysgraphic\user_00008_full.png,by_task\task_1_l_normal\dysgraphic\user_00008_task_1_l_normal.png,by_task\task_2_l_fast\dysgraphic\user_00008_task_2_l_fast.png,by_task\task_3_le_normal\dysgraphic\user_00008_task_3_le_normal.png,by_task\task_4_le_fast\dysgraphic\user_00008_task_4_le_fast.png,by_task\task_5_leto\dysgraphic\user_00008_task_5_leto.png,by_task\task_6_lamoken\dysgraphic\user_00008_task_6_lamoken.png,by_task\task_7_hrackarstvo\dysgraphic\user_00008_task_7_hrackarstvo.png,by_task\task_8_sentence\dysgraphic\user_00008_task_8_sentence.png
00011,dysgraphic,True,8,male,right,62,35365,25474,388.57,full_page\dysgraphic\user_00011_full.png,by_task\task_1_l_normal\dysgraphic\user_00011_task_1_l_normal.png,by_task\task_2_l_fast\dysgraphic\user_00011_task_2_l_fast.png,by_task\task_3_le_normal\dysgraphic\user_00011_task_3_le_normal.png,by_task\task_4_le_fast\dysgraphic\user_00011_task_4_le_fast.png,by_task\task_5_leto\dysgraphic\user_00011_task_5_leto.png,by_task\task_6_lamoken\dysgraphic\user_00011_task_6_lamoken.png,by_task\task_7_hrackarstvo\dysgraphic\user_00011_task_7_hrackarstvo.png,by_task\task_8_sentence\dysgraphic\user_00011_task_8_sentence.png
00013,dysgraphic,True,14,male,right,43,23632,17128,190.82,full_page\dysgraphic\user_00013_full.png,by_task\task_1_l_normal\dysgraphic\user_00013_task_1_l_normal.png,by_task\task_2_l_fast\dysgraphic\user_00013_task_2_l_fast.png,by_task\task_3_le_normal\dysgraphic\user_00013_task_3_le_normal.png,by_task\task_4_le_fast\dysgraphic\user_00013_task_4_le_fast.png,by_task\task_5_leto\dysgraphic\user_00013_task_5_leto.png,by_task\task_6_lamoken\dysgraphic\user_00013_task_6_lamoken.png,by_task\task_7_hrackarstvo\dysgraphic\user_00013_task_7_hrackarstvo.png,by_task\task_8_sentence\dysgraphic\user_00013_task_8_sentence.png
00014,dysgraphic,True,10,male,right,62,22086,15545,210.67,full_page\dysgraphic\user_00014_full.png,by_task\task_1_l_normal\dysgraphic\user_00014_task_1_l_normal.png,by_task\task_2_l_fast\dysgraphic\user_00014_task_2_l_fast.png,by_task\task_3_le_normal\dysgraphic\user_00014_task_3_le_normal.png,by_task\task_4_le_fast\dysgraphic\user_00014_task_4_le_fast.png,by_task\task_5_leto\dysgraphic\user_00014_task_5_leto.png,by_task\task_6_lamoken\dysgraphic\user_00014_task_6_lamoken.png,by_task\task_7_hrackarstvo\dysgraphic\user_00014_task_7_hrackarstvo.png,by_task\task_8_sentence\dysgraphic\user_00014_task_8_sentence.png
00015,dysgraphic,True,9,male,right,65,19439,11534,197.7,full_page\dysgraphic\user_00015_full.png,by_task\task_1_l_normal\dysgraphic\user_00015_task_1_l_normal.png,by_task\task_2_l_fast\dysgraphic\user_00015_task_2_l_fast.png,by_task\task_3_le_normal\dysgraphic\user_00015_task_3_le_normal.png,by_task\task_4_le_fast\dysgraphic\user_00015_task_4_le_fast.png,by_task\task_5_leto\dysgraphic\user_00015_task_5_leto.png,by_task\task_6_lamoken\dysgraphic\user_00015_task_6_lamoken.png,by_task\task_7_hrackarstvo\dysgraphic\user_00015_task_7_hrackarstvo.png,by_task\task_8_sentence\dysgraphic\user_00015_task_8_sentence.png
00016,dysgraphic,True,9,male,right,63,19728,12049,183.84,full_page\dysgraphic\user_00016_full.png,by_task\task_1_l_normal\dysgraphic\user_00016_task_1_l_normal.png,by_task\task_2_l_fast\dysgraphic\user_00016_task_2_l_fast.png,by_task\task_3_le_normal\dysgraphic\user_00016_task_3_le_normal.png,by_task\task_4_le_fast\dysgraphic\user_00016_task_4_le_fast.png,by_task\task_5_leto\dysgraphic\user_00016_task_5_leto.png,by_task\task_6_lamoken\dysgraphic\user_00016_task_6_lamoken.png,by_task\task_7_hrackarstvo\dysgraphic\user_00016_task_7_hrackarstvo.png,by_task\task_8_sentence\dysgraphic\user_00016_task_8_sentence.png
00017,dysgraphic,True,14,female,right,97,12634,7586,106.23,full_page\dysgraphic\user_00017_full.png,by_task\task_1_l_normal\dysgraphic\user_00017_task_1_l_normal.png,by_task\task_2_l_fast\dysgraphic\user_00017_task_2_l_fast.png,by_task\task_3_le_normal\dysgraphic\user_00017_task_3_le_normal.png,by_task\task_4_le_fast\dysgraphic\user_00017_task_4_le_fast.png,by_task\task_5_leto\dysgraphic\user_00017_task_5_leto.png,by_task\task_6_lamoken\dysgraphic\user_00017_task_6_lamoken.png,by_task\task_7_hrackarstvo\dysgraphic\user_00017_task_7_hrackarstvo.png,by_task\task_8_sentence\dysgraphic\user_00017_task_8_sentence.png
00019,dysgraphic,True,15,female,right,54,14174,9641,131.35,full_page\dysgraphic\user_00019_full.png,by_task\task_1_l_normal\dysgraphic\user_00019_task_1_l_normal.png,by_task\task_2_l_fast\dysgraphic\user_00019_task_2_l_fast.png,by_task\task_3_le_normal\dysgraphic\user_00019_task_3_le_normal.png,by_task\task_4_le_fast\dysgraphic\user_00019_task_4_le_fast.png,by_task\task_5_leto\dysgraphic\user_00019_task_5_leto.png,by_task\task_6_lamoken\dysgraphic\user_00019_task_6_lamoken.png,by_task\task_7_hrackarstvo\dysgraphic\user_00019_task_7_hrackarstvo.png,by_task\task_8_sentence\dysgraphic\user_00019_task_8_sentence.png
00021,dysgraphic,True,13,male,right,48,21176,13997,165.55,full_page\dysgraphic\user_00021_full.png,by_task\task_1_l_normal\dysgraphic\user_00021_task_1_l_normal.png,by_task\task_2_l_fast\dysgraphic\user_00021_task_2_l_fast.png,by_task\task_3_le_normal\dysgraphic\user_00021_task_3_le_normal.png,by_task\task_4_le_fast\dysgraphic\user_00021_task_4_le_fast.png,by_task\task_5_leto\dysgraphic\user_00021_task_5_leto.png,by_task\task_6_lamoken\dysgraphic\user_00021_task_6_lamoken.png,by_task\task_7_hrackarstvo\dysgraphic\user_00021_task_7_hrackarstvo.png,by_task\task_8_sentence\dysgraphic\user_00021_task_8_sentence.png
00022,dysgraphic,True,11,male,left,61,23447,13722,224.67,full_page\dysgraphic\user_00022_full.png,by_task\task_1_l_normal\dysgraphic\user_00022_task_1_l_normal.png,by_task\task_2_l_fast\dysgraphic\user_00022_task_2_l_fast.png,by_task\task_3_le_normal\dysgraphic\user_00022_task_3_le_normal.png,by_task\task_4_le_fast\dysgraphic\user_00022_task_4_le_fast.png,by_task\task_5_leto\dysgraphic\user_00022_task_5_leto.png,by_task\task_6_lamoken\dysgraphic\user_00022_task_6_lamoken.png,by_task\task_7_hrackarstvo\dysgraphic\user_00022_task_7_hrackarstvo.png,by_task\task_8_sentence\dysgraphic\user_00022_task_8_sentence.png
00026,dysgraphic,True,15,male,right,113,50622,37329,417.29,full_page\dysgraphic\user_00026_full.png,by_task\task_1_l_normal\dysgraphic\user_00026_task_1_l_normal.png,by_task\task_2_l_fast\dysgraphic\user_00026_task_2_l_fast.png,by_task\task_3_le_normal\dysgraphic\user_00026_task_3_le_normal.png,by_task\task_4_le_fast\dysgraphic\user_00026_task_4_le_fast.png,by_task\task_5_leto\dysgraphic\user_00026_task_5_leto.png,by_task\task_6_lamoken\dysgraphic\user_00026_task_6_lamoken.png,by_task\task_7_hrackarstvo\dysgraphic\user_00026_task_7_hrackarstvo.png,by_task\task_8_sentence\dysgraphic\user_00026_task_8_sentence.png
00029,dysgraphic,True,9,female,right,57,21797,15369,219.74,full_page\dysgraphic\user_00029_full.png,by_task\task_1_l_normal\dysgraphic\user_00029_task_1_l_normal.png,by_task\task_2_l_fast\dysgraphic\user_00029_task_2_l_fast.png,by_task\task_3_le_normal\dysgraphic\user_00029_task_3_le_normal.png,by_task\task_4_le_fast\dysgraphic\user_00029_task_4_le_fast.png,by_task\task_5_leto\dysgraphic\user_00029_task_5_leto.png,by_task\task_6_lamoken\dysgraphic\user_00029_task_6_lamoken.png,by_task\task_7_hrackarstvo\dysgraphic\user_00029_task_7_hrackarstvo.png,by_task\task_8_sentence\dysgraphic\user_00029_task_8_sentence.png
00032,dysgraphic,True,8,male,left,111,46872,24767,560.81,full_page\dysgraphic\user_00032_full.png,by_task\task_1_l_normal\dysgraphic\user_00032_task_1_l_normal.png,by_task\task_2_l_fast\dysgraphic\user_00032_task_2_l_fast.png,by_task\task_3_le_normal\dysgraphic\user_00032_task_3_le_normal.png,by_task\task_4_le_fast\dysgraphic\user_00032_task_4_le_fast.png,by_task\task_5_leto\dysgraphic\user_00032_task_5_leto.png,by_task\task_6_lamoken\dysgraphic\user_00032_task_6_lamoken.png,by_task\task_7_hrackarstvo\dysgraphic\user_00032_task_7_hrackarstvo.png,by_task\task_8_sentence\dysgraphic\user_00032_task_8_sentence.png
00036,dysgraphic,True,14,male,right,65,29847,20036,256.91,full_page\dysgraphic\user_00036_full.png,by_task\task_1_l_normal\dysgraphic\user_00036_task_1_l_normal.png,by_task\task_2_l_fast\dysgraphic\user_00036_task_2_l_fast.png,by_task\task_3_le_normal\dysgraphic\user_00036_task_3_le_normal.png,by_task\task_4_le_fast\dysgraphic\user_00036_task_4_le_fast.png,by_task\task_5_leto\dysgraphic\user_00036_task_5_leto.png,by_task\task_6_lamoken\dysgraphic\user_00036_task_6_lamoken.png,by_task\task_7_hrackarstvo\dysgraphic\user_00036_task_7_hrackarstvo.png,by_task\task_8_sentence\dysgraphic\user_00036_task_8_sentence.png
00038,dysgraphic,True,12,female,right,83,27742,20039,213.76,full_page\dysgraphic\user_00038_full.png,by_task\task_1_l_normal\dysgraphic\user_00038_task_1_l_normal.png,by_task\task_2_l_fast\dysgraphic\user_00038_task_2_l_fast.png,by_task\task_3_le_normal\dysgraphic\user_00038_task_3_le_normal.png,by_task\task_4_le_fast\dysgraphic\user_00038_task_4_le_fast.png,by_task\task_5_leto\dysgraphic\user_00038_task_5_leto.png,by_task\task_6_lamoken\dysgraphic\user_00038_task_6_lamoken.png,by_task\task_7_hrackarstvo\dysgraphic\user_00038_task_7_hrackarstvo.png,by_task\task_8_sentence\dysgraphic\user_00038_task_8_sentence.png
00039,dysgraphic,True,8,male,right,141,38119,21139,351.7,full_page\dysgraphic\user_00039_full.png,by_task\task_1_l_normal\dysgraphic\user_00039_task_1_l_normal.png,by_task\task_2_l_fast\dysgraphic\user_00039_task_2_l_fast.png,by_task\task_3_le_normal\dysgraphic\user_00039_task_3_le_normal.png,by_task\task_4_le_fast\dysgraphic\user_00039_task_4_le_fast.png,by_task\task_5_leto\dysgraphic\user_00039_task_5_leto.png,by_task\task_6_lamoken\dysgraphic\user_00039_task_6_lamoken.png,by_task\task_7_hrackarstvo\dysgraphic\user_00039_task_7_hrackarstvo.png,by_task\task_8_sentence\dysgraphic\user_00039_task_8_sentence.png
00042,dysgraphic,True,15,male,right,60,10413,6393,92.72,full_page\dysgraphic\user_00042_full.png,by_task\task_1_l_normal\dysgraphic\user_00042_task_1_l_normal.png,by_task\task_2_l_fast\dysgraphic\user_00042_task_2_l_fast.png,by_task\task_3_le_normal\dysgraphic\user_00042_task_3_le_normal.png,by_task\task_4_le_fast\dysgraphic\user_00042_task_4_le_fast.png,by_task\task_5_leto\dysgraphic\user_00042_task_5_leto.png,by_task\task_6_lamoken\dysgraphic\user_00042_task_6_lamoken.png,by_task\task_7_hrackarstvo\dysgraphic\user_00042_task_7_hrackarstvo.png,by_task\task_8_sentence\dysgraphic\user_00042_task_8_sentence.png
00044,dysgraphic,True,15,male,right,45,9528,6069,90.89,full_page\dysgraphic\user_00044_full.png,by_task\task_1_l_normal\dysgraphic\user_00044_task_1_l_normal.png,by_task\task_2_l_fast\dysgraphic\user_00044_task_2_l_fast.png,by_task\task_3_le_normal\dysgraphic\user_00044_task_3_le_normal.png,by_task\task_4_le_fast\dysgraphic\user_00044_task_4_le_fast.png,by_task\task_5_leto\dysgraphic\user_00044_task_5_leto.png,by_task\task_6_lamoken\dysgraphic\user_00044_task_6_lamoken.png,by_task\task_7_hrackarstvo\dysgraphic\user_00044_task_7_hrackarstvo.png,by_task\task_8_sentence\dysgraphic\user_00044_task_8_sentence.png
00048,dysgraphic,True,10,female,right,83,21376,14523,174.76,full_page\dysgraphic\user_00048_full.png,by_task\task_1_l_normal\dysgraphic\user_00048_task_1_l_normal.png,by_task\task_2_l_fast\dysgraphic\user_00048_task_2_l_fast.png,by_task\task_3_le_normal\dysgraphic\user_00048_task_3_le_normal.png,by_task\task_4_le_fast\dysgraphic\user_00048_task_4_le_fast.png,by_task\task_5_leto\dysgraphic\user_00048_task_5_leto.png,by_task\task_6_lamoken\dysgraphic\user_00048_task_6_lamoken.png,by_task\task_7_hrackarstvo\dysgraphic\user_00048_task_7_hrackarstvo.png,by_task\task_8_sentence\dysgraphic\user_00048_task_8_sentence.png
00049,dysgraphic,True,12,female,right,83,29137,17372,249.96,full_page\dysgraphic\user_00049_full.png,by_task\task_1_l_normal\dysgraphic\user_00049_task_1_l_normal.png,by_task\task_2_l_fast\dysgraphic\user_00049_task_2_l_fast.png,by_task\task_3_le_normal\dysgraphic\user_00049_task_3_le_normal.png,by_task\task_4_le_fast\dysgraphic\user_00049_task_4_le_fast.png,by_task\task_5_leto\dysgraphic\user_00049_task_5_leto.png,by_task\task_6_lamoken\dysgraphic\user_00049_task_6_lamoken.png,by_task\task_7_hrackarstvo\dysgraphic\user_00049_task_7_hrackarstvo.png,by_task\task_8_sentence\dysgraphic\user_00049_task_8_sentence.png
00050,control,False,13,male,right,71,11757,7174,102.08,full_page\control\user_00050_full.png,by_task\task_1_l_normal\control\user_00050_task_1_l_normal.png,by_task\task_2_l_fast\control\user_00050_task_2_l_fast.png,by_task\task_3_le_normal\control\user_00050_task_3_le_normal.png,by_task\task_4_le_fast\control\user_00050_task_4_le_fast.png,by_task\task_5_leto\control\user_00050_task_5_leto.png,by_task\task_6_lamoken\control\user_00050_task_6_lamoken.png,by_task\task_7_hrackarstvo\control\user_00050_task_7_hrackarstvo.png,by_task\task_8_sentence\control\user_00050_task_8_sentence.png
00051,control,False,11,female,right,149,14276,7101,118.76,full_page\control\user_00051_full.png,by_task\task_1_l_normal\control\user_00051_task_1_l_normal.png,by_task\task_2_l_fast\control\user_00051_task_2_l_fast.png,by_task\task_3_le_normal\control\user_00051_task_3_le_normal.png,by_task\task_4_le_fast\control\user_00051_task_4_le_fast.png,by_task\task_5_leto\control\user_00051_task_5_leto.png,by_task\task_6_lamoken\control\user_00051_task_6_lamoken.png,by_task\task_7_hrackarstvo\control\user_00051_task_7_hrackarstvo.png,by_task\task_8_sentence\control\user_00051_task_8_sentence.png
00052,control,False,10,female,right,61,11906,7073,97.04,full_page\control\user_00052_full.png,by_task\task_1_l_normal\control\user_00052_task_1_l_normal.png,by_task\task_2_l_fast\control\user_00052_task_2_l_fast.png,by_task\task_3_le_normal\control\user_00052_task_3_le_normal.png,by_task\task_4_le_fast\control\user_00052_task_4_le_fast.png,by_task\task_5_leto\control\user_00052_task_5_leto.png,by_task\task_6_lamoken\control\user_00052_task_6_lamoken.png,by_task\task_7_hrackarstvo\control\user_00052_task_7_hrackarstvo.png,by_task\task_8_sentence\control\user_00052_task_8_sentence.png
00054,control,False,11,male,left,116,13806,6798,113.91,full_page\control\user_00054_full.png,by_task\task_1_l_normal\control\user_00054_task_1_l_normal.png,by_task\task_2_l_fast\control\user_00054_task_2_l_fast.png,by_task\task_3_le_normal\control\user_00054_task_3_le_normal.png,by_task\task_4_le_fast\control\user_00054_task_4_le_fast.png,by_task\task_5_leto\control\user_00054_task_5_leto.png,by_task\task_6_lamoken\control\user_00054_task_6_lamoken.png,by_task\task_7_hrackarstvo\control\user_00054_task_7_hrackarstvo.png,by_task\task_8_sentence\control\user_00054_task_8_sentence.png
00056,control,False,11,male,right,72,12143,7589,94.69,full_page\control\user_00056_full.png,by_task\task_1_l_normal\control\user_00056_task_1_l_normal.png,by_task\task_2_l_fast\control\user_00056_task_2_l_fast.png,by_task\task_3_le_normal\control\user_00056_task_3_le_normal.png,by_task\task_4_le_fast\control\user_00056_task_4_le_fast.png,by_task\task_5_leto\control\user_00056_task_5_leto.png,by_task\task_6_lamoken\control\user_00056_task_6_lamoken.png,by_task\task_7_hrackarstvo\control\user_00056_task_7_hrackarstvo.png,by_task\task_8_sentence\control\user_00056_task_8_sentence.png
00057,control,False,12,male,right,51,14019,9316,114.14,full_page\control\user_00057_full.png,by_task\task_1_l_normal\control\user_00057_task_1_l_normal.png,by_task\task_2_l_fast\control\user_00057_task_2_l_fast.png,by_task\task_3_le_normal\control\user_00057_task_3_le_normal.png,by_task\task_4_le_fast\control\user_00057_task_4_le_fast.png,by_task\task_5_leto\control\user_00057_task_5_leto.png,by_task\task_6_lamoken\control\user_00057_task_6_lamoken.png,by_task\task_7_hrackarstvo\control\user_00057_task_7_hrackarstvo.png,by_task\task_8_sentence\control\user_00057_task_8_sentence.png
00058,control,False,10,male,right,47,13815,9823,108.63,full_page\control\user_00058_full.png,by_task\task_1_l_normal\control\user_00058_task_1_l_normal.png,by_task\task_2_l_fast\control\user_00058_task_2_l_fast.png,by_task\task_3_le_normal\control\user_00058_task_3_le_normal.png,by_task\task_4_le_fast\control\user_00058_task_4_le_fast.png,by_task\task_5_leto\control\user_00058_task_5_leto.png,by_task\task_6_lamoken\control\user_00058_task_6_lamoken.png,by_task\task_7_hrackarstvo\control\user_00058_task_7_hrackarstvo.png,by_task\task_8_sentence\control\user_00058_task_8_sentence.png
00060,control,False,11,male,right,45,13002,9331,100.45,full_page\control\user_00060_full.png,by_task\task_1_l_normal\control\user_00060_task_1_l_normal.png,by_task\task_2_l_fast\control\user_00060_task_2_l_fast.png,by_task\task_3_le_normal\control\user_00060_task_3_le_normal.png,by_task\task_4_le_fast\control\user_00060_task_4_le_fast.png,by_task\task_5_leto\control\user_00060_task_5_leto.png,by_task\task_6_lamoken\control\user_00060_task_6_lamoken.png,by_task\task_7_hrackarstvo\control\user_00060_task_7_hrackarstvo.png,by_task\task_8_sentence\control\user_00060_task_8_sentence.png
00061,control,False,11,male,left,57,16991,11301,135.06,full_page\control\user_00061_full.png,by_task\task_1_l_normal\control\user_00061_task_1_l_normal.png,by_task\task_2_l_fast\control\user_00061_task_2_l_fast.png,by_task\task_3_le_normal\control\user_00061_task_3_le_normal.png,by_task\task_4_le_fast\control\user_00061_task_4_le_fast.png,by_task\task_5_leto\control\user_00061_task_5_leto.png,by_task\task_6_lamoken\control\user_00061_task_6_lamoken.png,by_task\task_7_hrackarstvo\control\user_00061_task_7_hrackarstvo.png,by_task\task_8_sentence\control\user_00061_task_8_sentence.png
00062,control,False,11,male,right,50,14075,9361,114.49,full_page\control\user_00062_full.png,by_task\task_1_l_normal\control\user_00062_task_1_l_normal.png,by_task\task_2_l_fast\control\user_00062_task_2_l_fast.png,by_task\task_3_le_normal\control\user_00062_task_3_le_normal.png,by_task\task_4_le_fast\control\user_00062_task_4_le_fast.png,by_task\task_5_leto\control\user_00062_task_5_leto.png,by_task\task_6_lamoken\control\user_00062_task_6_lamoken.png,by_task\task_7_hrackarstvo\control\user_00062_task_7_hrackarstvo.png,by_task\task_8_sentence\control\user_00062_task_8_sentence.png
00063,control,False,10,male,right,48,19299,14306,159.68,full_page\control\user_00063_full.png,by_task\task_1_l_normal\control\user_00063_task_1_l_normal.png,by_task\task_2_l_fast\control\user_00063_task_2_l_fast.png,by_task\task_3_le_normal\control\user_00063_task_3_le_normal.png,by_task\task_4_le_fast\control\user_00063_task_4_le_fast.png,by_task\task_5_leto\control\user_00063_task_5_leto.png,by_task\task_6_lamoken\control\user_00063_task_6_lamoken.png,by_task\task_7_hrackarstvo\control\user_00063_task_7_hrackarstvo.png,by_task\task_8_sentence\control\user_00063_task_8_sentence.png
00065,control,False,12,male,right,53,11753,8390,97.05,full_page\control\user_00065_full.png,by_task\task_1_l_normal\control\user_00065_task_1_l_normal.png,by_task\task_2_l_fast\control\user_00065_task_2_l_fast.png,by_task\task_3_le_normal\control\user_00065_task_3_le_normal.png,by_task\task_4_le_fast\control\user_00065_task_4_le_fast.png,by_task\task_5_leto\control\user_00065_task_5_leto.png,by_task\task_6_lamoken\control\user_00065_task_6_lamoken.png,by_task\task_7_hrackarstvo\control\user_00065_task_7_hrackarstvo.png,by_task\task_8_sentence\control\user_00065_task_8_sentence.png
00066,control,False,12,female,right,90,12299,7992,98.98,full_page\control\user_00066_full.png,by_task\task_1_l_normal\control\user_00066_task_1_l_normal.png,by_task\task_2_l_fast\control\user_00066_task_2_l_fast.png,by_task\task_3_le_normal\control\user_00066_task_3_le_normal.png,by_task\task_4_le_fast\control\user_00066_task_4_le_fast.png,by_task\task_5_leto\control\user_00066_task_5_leto.png,by_task\task_6_lamoken\control\user_00066_task_6_lamoken.png,by_task\task_7_hrackarstvo\control\user_00066_task_7_hrackarstvo.png,by_task\task_8_sentence\control\user_00066_task_8_sentence.png
00067,control,False,12,male,right,50,16453,11085,141.69,full_page\control\user_00067_full.png,by_task\task_1_l_normal\control\user_00067_task_1_l_normal.png,by_task\task_2_l_fast\control\user_00067_task_2_l_fast.png,by_task\task_3_le_normal\control\user_00067_task_3_le_normal.png,by_task\task_4_le_fast\control\user_00067_task_4_le_fast.png,by_task\task_5_leto\control\user_00067_task_5_leto.png,by_task\task_6_lamoken\control\user_00067_task_6_lamoken.png,by_task\task_7_hrackarstvo\control\user_00067_task_7_hrackarstvo.png,by_task\task_8_sentence\control\user_00067_task_8_sentence.png
00069,control,False,12,male,right,67,11262,6587,94.52,full_page\control\user_00069_full.png,by_task\task_1_l_normal\control\user_00069_task_1_l_normal.png,by_task\task_2_l_fast\control\user_00069_task_2_l_fast.png,by_task\task_3_le_normal\control\user_00069_task_3_le_normal.png,by_task\task_4_le_fast\control\user_00069_task_4_le_fast.png,by_task\task_5_leto\control\user_00069_task_5_leto.png,by_task\task_6_lamoken\control\user_00069_task_6_lamoken.png,by_task\task_7_hrackarstvo\control\user_00069_task_7_hrackarstvo.png,by_task\task_8_sentence\control\user_00069_task_8_sentence.png
00070,control,False,12,male,right,71,11191,8258,97.04,full_page\control\user_00070_full.png,by_task\task_1_l_normal\control\user_00070_task_1_l_normal.png,by_task\task_2_l_fast\control\user_00070_task_2_l_fast.png,by_task\task_3_le_normal\control\user_00070_task_3_le_normal.png,by_task\task_4_le_fast\control\user_00070_task_4_le_fast.png,by_task\task_5_leto\control\user_00070_task_5_leto.png,by_task\task_6_lamoken\control\user_00070_task_6_lamoken.png,by_task\task_7_hrackarstvo\control\user_00070_task_7_hrackarstvo.png,by_task\task_8_sentence\control\user_00070_task_8_sentence.png
00071,control,False,12,female,left,83,9390,5257,81.07,full_page\control\user_00071_full.png,by_task\task_1_l_normal\control\user_00071_task_1_l_normal.png,by_task\task_2_l_fast\control\user_00071_task_2_l_fast.png,by_task\task_3_le_normal\control\user_00071_task_3_le_normal.png,by_task\task_4_le_fast\control\user_00071_task_4_le_fast.png,by_task\task_5_leto\control\user_00071_task_5_leto.png,by_task\task_6_lamoken\control\user_00071_task_6_lamoken.png,by_task\task_7_hrackarstvo\control\user_00071_task_7_hrackarstvo.png,by_task\task_8_sentence\control\user_00071_task_8_sentence.png
00072,control,False,12,male,right,75,13090,7009,112.92,full_page\control\user_00072_full.png,by_task\task_1_l_normal\control\user_00072_task_1_l_normal.png,by_task\task_2_l_fast\control\user_00072_task_2_l_fast.png,by_task\task_3_le_normal\control\user_00072_task_3_le_normal.png,by_task\task_4_le_fast\control\user_00072_task_4_le_fast.png,by_task\task_5_leto\control\user_00072_task_5_leto.png,by_task\task_6_lamoken\control\user_00072_task_6_lamoken.png,by_task\task_7_hrackarstvo\control\user_00072_task_7_hrackarstvo.png,by_task\task_8_sentence\control\user_00072_task_8_sentence.png
00073,control,False,12,male,right,48,10829,7454,97.1,full_page\control\user_00073_full.png,by_task\task_1_l_normal\control\user_00073_task_1_l_normal.png,by_task\task_2_l_fast\control\user_00073_task_2_l_fast.png,by_task\task_3_le_normal\control\user_00073_task_3_le_normal.png,by_task\task_4_le_fast\control\user_00073_task_4_le_fast.png,by_task\task_5_leto\control\user_00073_task_5_leto.png,by_task\task_6_lamoken\control\user_00073_task_6_lamoken.png,by_task\task_7_hrackarstvo\control\user_00073_task_7_hrackarstvo.png,by_task\task_8_sentence\control\user_00073_task_8_sentence.png
00074,control,False,12,male,right,58,13549,8424,112.91,full_page\control\user_00074_full.png,by_task\task_1_l_normal\control\user_00074_task_1_l_normal.png,by_task\task_2_l_fast\control\user_00074_task_2_l_fast.png,by_task\task_3_le_normal\control\user_00074_task_3_le_normal.png,by_task\task_4_le_fast\control\user_00074_task_4_le_fast.png,by_task\task_5_leto\control\user_00074_task_5_leto.png,by_task\task_6_lamoken\control\user_00074_task_6_lamoken.png,by_task\task_7_hrackarstvo\control\user_00074_task_7_hrackarstvo.png,by_task\task_8_sentence\control\user_00074_task_8_sentence.png
00076,control,False,13,female,right,54,11457,7638,99.39,full_page\control\user_00076_full.png,by_task\task_1_l_normal\control\user_00076_task_1_l_normal.png,by_task\task_2_l_fast\control\user_00076_task_2_l_fast.png,by_task\task_3_le_normal\control\user_00076_task_3_le_normal.png,by_task\task_4_le_fast\control\user_00076_task_4_le_fast.png,by_task\task_5_leto\control\user_00076_task_5_leto.png,by_task\task_6_lamoken\control\user_00076_task_6_lamoken.png,by_task\task_7_hrackarstvo\control\user_00076_task_7_hrackarstvo.png,by_task\task_8_sentence\control\user_00076_task_8_sentence.png
00077,control,False,12,female,right,65,8904,5525,83.45,full_page\control\user_00077_full.png,by_task\task_1_l_normal\control\user_00077_task_1_l_normal.png,by_task\task_2_l_fast\control\user_00077_task_2_l_fast.png,by_task\task_3_le_normal\control\user_00077_task_3_le_normal.png,by_task\task_4_le_fast\control\user_00077_task_4_le_fast.png,by_task\task_5_leto\control\user_00077_task_5_leto.png,by_task\task_6_lamoken\control\user_00077_task_6_lamoken.png,by_task\task_7_hrackarstvo\control\user_00077_task_7_hrackarstvo.png,by_task\task_8_sentence\control\user_00077_task_8_sentence.png
00078,control,False,12,female,right,52,12410,7917,104.52,full_page\control\user_00078_full.png,by_task\task_1_l_normal\control\user_00078_task_1_l_normal.png,by_task\task_2_l_fast\control\user_00078_task_2_l_fast.png,by_task\task_3_le_normal\control\user_00078_task_3_le_normal.png,by_task\task_4_le_fast\control\user_00078_task_4_le_fast.png,by_task\task_5_leto\control\user_00078_task_5_leto.png,by_task\task_6_lamoken\control\user_00078_task_6_lamoken.png,by_task\task_7_hrackarstvo\control\user_00078_task_7_hrackarstvo.png,by_task\task_8_sentence\control\user_00078_task_8_sentence.png
00079,control,False,13,female,right,61,12405,8681,109.39,full_page\control\user_00079_full.png,by_task\task_1_l_normal\control\user_00079_task_1_l_normal.png,by_task\task_2_l_fast\control\user_00079_task_2_l_fast.png,by_task\task_3_le_normal\control\user_00079_task_3_le_normal.png,by_task\task_4_le_fast\control\user_00079_task_4_le_fast.png,by_task\task_5_leto\control\user_00079_task_5_leto.png,by_task\task_6_lamoken\control\user_00079_task_6_lamoken.png,by_task\task_7_hrackarstvo\control\user_00079_task_7_hrackarstvo.png,by_task\task_8_sentence\control\user_00079_task_8_sentence.png
00082,control,False,13,female,right,59,13598,7015,109.7,full_page\control\user_00082_full.png,by_task\task_1_l_normal\control\user_00082_task_1_l_normal.png,by_task\task_2_l_fast\control\user_00082_task_2_l_fast.png,by_task\task_3_le_normal\control\user_00082_task_3_le_normal.png,by_task\task_4_le_fast\control\user_00082_task_4_le_fast.png,by_task\task_5_leto\control\user_00082_task_5_leto.png,by_task\task_6_lamoken\control\user_00082_task_6_lamoken.png,by_task\task_7_hrackarstvo\control\user_00082_task_7_hrackarstvo.png,by_task\task_8_sentence\control\user_00082_task_8_sentence.png
00083,control,False,14,male,right,59,21342,11898,174.23,full_page\control\user_00083_full.png,by_task\task_1_l_normal\control\user_00083_task_1_l_normal.png,by_task\task_2_l_fast\control\user_00083_task_2_l_fast.png,by_task\task_3_le_normal\control\user_00083_task_3_le_normal.png,by_task\task_4_le_fast\control\user_00083_task_4_le_fast.png,by_task\task_5_leto\control\user_00083_task_5_leto.png,by_task\task_6_lamoken\control\user_00083_task_6_lamoken.png,by_task\task_7_hrackarstvo\control\user_00083_task_7_hrackarstvo.png,by_task\task_8_sentence\control\user_00083_task_8_sentence.png
00084,control,False,12,male,right,63,15274,8242,131.24,full_page\control\user_00084_full.png,by_task\task_1_l_normal\control\user_00084_task_1_l_normal.png,by_task\task_2_l_fast\control\user_00084_task_2_l_fast.png,by_task\task_3_le_normal\control\user_00084_task_3_le_normal.png,by_task\task_4_le_fast\control\user_00084_task_4_le_fast.png,by_task\task_5_leto\control\user_00084_task_5_leto.png,by_task\task_6_lamoken\control\user_00084_task_6_lamoken.png,by_task\task_7_hrackarstvo\control\user_00084_task_7_hrackarstvo.png,by_task\task_8_sentence\control\user_00084_task_8_sentence.png
00085,control,False,13,male,right,52,16327,10100,129.9,full_page\control\user_00085_full.png,by_task\task_1_l_normal\control\user_00085_task_1_l_normal.png,by_task\task_2_l_fast\control\user_00085_task_2_l_fast.png,by_task\task_3_le_normal\control\user_00085_task_3_le_normal.png,by_task\task_4_le_fast\control\user_00085_task_4_le_fast.png,by_task\task_5_leto\control\user_00085_task_5_leto.png,by_task\task_6_lamoken\control\user_00085_task_6_lamoken.png,by_task\task_7_hrackarstvo\control\user_00085_task_7_hrackarstvo.png,by_task\task_8_sentence\control\user_00085_task_8_sentence.png
00087,control,False,12,male,right,48,14615,9734,120.0,full_page\control\user_00087_full.png,by_task\task_1_l_normal\control\user_00087_task_1_l_normal.png,by_task\task_2_l_fast\control\user_00087_task_2_l_fast.png,by_task\task_3_le_normal\control\user_00087_task_3_le_normal.png,by_task\task_4_le_fast\control\user_00087_task_4_le_fast.png,by_task\task_5_leto\control\user_00087_task_5_leto.png,by_task\task_6_lamoken\control\user_00087_task_6_lamoken.png,by_task\task_7_hrackarstvo\control\user_00087_task_7_hrackarstvo.png,by_task\task_8_sentence\control\user_00087_task_8_sentence.png
00088,control,False,12,male,right,79,16039,7727,126.59,full_page\control\user_00088_full.png,by_task\task_1_l_normal\control\user_00088_task_1_l_normal.png,by_task\task_2_l_fast\control\user_00088_task_2_l_fast.png,by_task\task_3_le_normal\control\user_00088_task_3_le_normal.png,by_task\task_4_le_fast\control\user_00088_task_4_le_fast.png,by_task\task_5_leto\control\user_00088_task_5_leto.png,by_task\task_6_lamoken\control\user_00088_task_6_lamoken.png,by_task\task_7_hrackarstvo\control\user_00088_task_7_hrackarstvo.png,by_task\task_8_sentence\control\user_00088_task_8_sentence.png
00089,control,False,12,male,right,63,12512,6770,113.77,full_page\control\user_00089_full.png,by_task\task_1_l_normal\control\user_00089_task_1_l_normal.png,by_task\task_2_l_fast\control\user_00089_task_2_l_fast.png,by_task\task_3_le_normal\control\user_00089_task_3_le_normal.png,by_task\task_4_le_fast\control\user_00089_task_4_le_fast.png,by_task\task_5_leto\control\user_00089_task_5_leto.png,by_task\task_6_lamoken\control\user_00089_task_6_lamoken.png,by_task\task_7_hrackarstvo\control\user_00089_task_7_hrackarstvo.png,by_task\task_8_sentence\control\user_00089_task_8_sentence.png
00090,control,False,13,male,right,48,10731,7086,93.4,full_page\control\user_00090_full.png,by_task\task_1_l_normal\control\user_00090_task_1_l_normal.png,by_task\task_2_l_fast\control\user_00090_task_2_l_fast.png,by_task\task_3_le_normal\control\user_00090_task_3_le_normal.png,by_task\task_4_le_fast\control\user_00090_task_4_le_fast.png,by_task\task_5_leto\control\user_00090_task_5_leto.png,by_task\task_6_lamoken\control\user_00090_task_6_lamoken.png,by_task\task_7_hrackarstvo\control\user_00090_task_7_hrackarstvo.png,by_task\task_8_sentence\control\user_00090_task_8_sentence.png
00091,dysgraphic,True,15,male,right,53,15034,10199,135.18,full_page\dysgraphic\user_00091_full.png,by_task\task_1_l_normal\dysgraphic\user_00091_task_1_l_normal.png,by_task\task_2_l_fast\dysgraphic\user_00091_task_2_l_fast.png,by_task\task_3_le_normal\dysgraphic\user_00091_task_3_le_normal.png,by_task\task_4_le_fast\dysgraphic\user_00091_task_4_le_fast.png,by_task\task_5_leto\dysgraphic\user_00091_task_5_leto.png,by_task\task_6_lamoken\dysgraphic\user_00091_task_6_lamoken.png,by_task\task_7_hrackarstvo\dysgraphic\user_00091_task_7_hrackarstvo.png,by_task\task_8_sentence\dysgraphic\user_00091_task_8_sentence.png
00092,dysgraphic,True,10,male,right,58,19119,11193,192.84,full_page\dysgraphic\user_00092_full.png,by_task\task_1_l_normal\dysgraphic\user_00092_task_1_l_normal.png,by_task\task_2_l_fast\dysgraphic\user_00092_task_2_l_fast.png,by_task\task_3_le_normal\dysgraphic\user_00092_task_3_le_normal.png,by_task\task_4_le_fast\dysgraphic\user_00092_task_4_le_fast.png,by_task\task_5_leto\dysgraphic\user_00092_task_5_leto.png,by_task\task_6_lamoken\dysgraphic\user_00092_task_6_lamoken.png,by_task\task_7_hrackarstvo\dysgraphic\user_00092_task_7_hrackarstvo.png,by_task\task_8_sentence\dysgraphic\user_00092_task_8_sentence.png
00093,dysgraphic,True,15,female,right,53,9715,5408,110.29,full_page\dysgraphic\user_00093_full.png,by_task\task_1_l_normal\dysgraphic\user_00093_task_1_l_normal.png,by_task\task_2_l_fast\dysgraphic\user_00093_task_2_l_fast.png,by_task\task_3_le_normal\dysgraphic\user_00093_task_3_le_normal.png,by_task\task_4_le_fast\dysgraphic\user_00093_task_4_le_fast.png,by_task\task_5_leto\dysgraphic\user_00093_task_5_leto.png,by_task\task_6_lamoken\dysgraphic\user_00093_task_6_lamoken.png,by_task\task_7_hrackarstvo\dysgraphic\user_00093_task_7_hrackarstvo.png,by_task\task_8_sentence\dysgraphic\user_00093_task_8_sentence.png
00095,dysgraphic,True,13,male,left,57,15875,9615,128.16,full_page\dysgraphic\user_00095_full.png,by_task\task_1_l_normal\dysgraphic\user_00095_task_1_l_normal.png,by_task\task_2_l_fast\dysgraphic\user_00095_task_2_l_fast.png,by_task\task_3_le_normal\dysgraphic\user_00095_task_3_le_normal.png,by_task\task_4_le_fast\dysgraphic\user_00095_task_4_le_fast.png,by_task\task_5_leto\dysgraphic\user_00095_task_5_leto.png,by_task\task_6_lamoken\dysgraphic\user_00095_task_6_lamoken.png,by_task\task_7_hrackarstvo\dysgraphic\user_00095_task_7_hrackarstvo.png,by_task\task_8_sentence\dysgraphic\user_00095_task_8_sentence.png
00099,dysgraphic,True,11,female,left,93,18112,11659,161.69,full_page\dysgraphic\user_00099_full.png,by_task\task_1_l_normal\dysgraphic\user_00099_task_1_l_normal.png,by_task\task_2_l_fast\dysgraphic\user_00099_task_2_l_fast.png,by_task\task_3_le_normal\dysgraphic\user_00099_task_3_le_normal.png,by_task\task_4_le_fast\dysgraphic\user_00099_task_4_le_fast.png,by_task\task_5_leto\dysgraphic\user_00099_task_5_leto.png,by_task\task_6_lamoken\dysgraphic\user_00099_task_6_lamoken.png,by_task\task_7_hrackarstvo\dysgraphic\user_00099_task_7_hrackarstvo.png,by_task\task_8_sentence\dysgraphic\user_00099_task_8_sentence.png
00100,dysgraphic,True,11,female,right,50,19141,12438,163.4,full_page\dysgraphic\user_00100_full.png,by_task\task_1_l_normal\dysgraphic\user_00100_task_1_l_normal.png,by_task\task_2_l_fast\dysgraphic\user_00100_task_2_l_fast.png,by_task\task_3_le_normal\dysgraphic\user_00100_task_3_le_normal.png,by_task\task_4_le_fast\dysgraphic\user_00100_task_4_le_fast.png,by_task\task_5_leto\dysgraphic\user_00100_task_5_leto.png,by_task\task_6_lamoken\dysgraphic\user_00100_task_6_lamoken.png,by_task\task_7_hrackarstvo\dysgraphic\user_00100_task_7_hrackarstvo.png,by_task\task_8_sentence\dysgraphic\user_00100_task_8_sentence.png
00101,dysgraphic,True,14,female,left,49,15855,9583,135.9,full_page\dysgraphic\user_00101_full.png,by_task\task_1_l_normal\dysgraphic\user_00101_task_1_l_normal.png,by_task\task_2_l_fast\dysgraphic\user_00101_task_2_l_fast.png,by_task\task_3_le_normal\dysgraphic\user_00101_task_3_le_normal.png,by_task\task_4_le_fast\dysgraphic\user_00101_task_4_le_fast.png,by_task\task_5_leto\dysgraphic\user_00101_task_5_leto.png,by_task\task_6_lamoken\dysgraphic\user_00101_task_6_lamoken.png,by_task\task_7_hrackarstvo\dysgraphic\user_00101_task_7_hrackarstvo.png,by_task\task_8_sentence\dysgraphic\user_00101_task_8_sentence.png
00104,dysgraphic,True,13,male,left,55,12476,9956,111.82,full_page\dysgraphic\user_00104_full.png,by_task\task_1_l_normal\dysgraphic\user_00104_task_1_l_normal.png,by_task\task_2_l_fast\dysgraphic\user_00104_task_2_l_fast.png,by_task\task_3_le_normal\dysgraphic\user_00104_task_3_le_normal.png,by_task\task_4_le_fast\dysgraphic\user_00104_task_4_le_fast.png,by_task\task_5_leto\dysgraphic\user_00104_task_5_leto.png,by_task\task_6_lamoken\dysgraphic\user_00104_task_6_lamoken.png,by_task\task_7_hrackarstvo\dysgraphic\user_00104_task_7_hrackarstvo.png,by_task\task_8_sentence\dysgraphic\user_00104_task_8_sentence.png
00107,dysgraphic,True,12,female,left,135,37475,21499,371.37,full_page\dysgraphic\user_00107_full.png,by_task\task_1_l_normal\dysgraphic\user_00107_task_1_l_normal.png,by_task\task_2_l_fast\dysgraphic\user_00107_task_2_l_fast.png,by_task\task_3_le_normal\dysgraphic\user_00107_task_3_le_normal.png,by_task\task_4_le_fast\dysgraphic\user_00107_task_4_le_fast.png,by_task\task_5_leto\dysgraphic\user_00107_task_5_leto.png,by_task\task_6_lamoken\dysgraphic\user_00107_task_6_lamoken.png,by_task\task_7_hrackarstvo\dysgraphic\user_00107_task_7_hrackarstvo.png,by_task\task_8_sentence\dysgraphic\user_00107_task_8_sentence.png
00108,dysgraphic,True,12,male,right,78,24930,14910,201.91,full_page\dysgraphic\user_00108_full.png,by_task\task_1_l_normal\dysgraphic\user_00108_task_1_l_normal.png,by_task\task_2_l_fast\dysgraphic\user_00108_task_2_l_fast.png,by_task\task_3_le_normal\dysgraphic\user_00108_task_3_le_normal.png,by_task\task_4_le_fast\dysgraphic\user_00108_task_4_le_fast.png,by_task\task_5_leto\dysgraphic\user_00108_task_5_leto.png,by_task\task_6_lamoken\dysgraphic\user_00108_task_6_lamoken.png,by_task\task_7_hrackarstvo\dysgraphic\user_00108_task_7_hrackarstvo.png,by_task\task_8_sentence\dysgraphic\user_00108_task_8_sentence.png
00109,dysgraphic,True,13,male,right,73,27872,18043,243.38,full_page\dysgraphic\user_00109_full.png,by_task\task_1_l_normal\dysgraphic\user_00109_task_1_l_normal.png,by_task\task_2_l_fast\dysgraphic\user_00109_task_2_l_fast.png,by_task\task_3_le_normal\dysgraphic\user_00109_task_3_le_normal.png,by_task\task_4_le_fast\dysgraphic\user_00109_task_4_le_fast.png,by_task\task_5_leto\dysgraphic\user_00109_task_5_leto.png,by_task\task_6_lamoken\dysgraphic\user_00109_task_6_lamoken.png,by_task\task_7_hrackarstvo\dysgraphic\user_00109_task_7_hrackarstvo.png,by_task\task_8_sentence\dysgraphic\user_00109_task_8_sentence.png
00110,dysgraphic,True,9,male,right,52,12922,8954,133.08,full_page\dysgraphic\user_00110_full.png,by_task\task_1_l_normal\dysgraphic\user_00110_task_1_l_normal.png,by_task\task_2_l_fast\dysgraphic\user_00110_task_2_l_fast.png,by_task\task_3_le_normal\dysgraphic\user_00110_task_3_le_normal.png,by_task\task_4_le_fast\dysgraphic\user_00110_task_4_le_fast.png,by_task\task_5_leto\dysgraphic\user_00110_task_5_leto.png,by_task\task_6_lamoken\dysgraphic\user_00110_task_6_lamoken.png,by_task\task_7_hrackarstvo\dysgraphic\user_00110_task_7_hrackarstvo.png,by_task\task_8_sentence\dysgraphic\user_00110_task_8_sentence.png
00112,dysgraphic,True,10,male,right,70,23478,14293,228.91,full_page\dysgraphic\user_00112_full.png,by_task\task_1_l_normal\dysgraphic\user_00112_task_1_l_normal.png,by_task\task_2_l_fast\dysgraphic\user_00112_task_2_l_fast.png,by_task\task_3_le_normal\dysgraphic\user_00112_task_3_le_normal.png,by_task\task_4_le_fast\dysgraphic\user_00112_task_4_le_fast.png,by_task\task_5_leto\dysgraphic\user_00112_task_5_leto.png,by_task\task_6_lamoken\dysgraphic\user_00112_task_6_lamoken.png,by_task\task_7_hrackarstvo\dysgraphic\user_00112_task_7_hrackarstvo.png,by_task\task_8_sentence\dysgraphic\user_00112_task_8_sentence.png
00113,dysgraphic,True,10,male,right,63,25256,18791,219.6,full_page\dysgraphic\user_00113_full.png,by_task\task_1_l_normal\dysgraphic\user_00113_task_1_l_normal.png,by_task\task_2_l_fast\dysgraphic\user_00113_task_2_l_fast.png,by_task\task_3_le_normal\dysgraphic\user_00113_task_3_le_normal.png,by_task\task_4_le_fast\dysgraphic\user_00113_task_4_le_fast.png,by_task\task_5_leto\dysgraphic\user_00113_task_5_leto.png,by_task\task_6_lamoken\dysgraphic\user_00113_task_6_lamoken.png,by_task\task_7_hrackarstvo\dysgraphic\user_00113_task_7_hrackarstvo.png,by_task\task_8_sentence\dysgraphic\user_00113_task_8_sentence.png
00114,dysgraphic,True,10,male,left,56,38674,22869,321.25,full_page\dysgraphic\user_00114_full.png,by_task\task_1_l_normal\dysgraphic\user_00114_task_1_l_normal.png,by_task\task_2_l_fast\dysgraphic\user_00114_task_2_l_fast.png,by_task\task_3_le_normal\dysgraphic\user_00114_task_3_le_normal.png,by_task\task_4_le_fast\dysgraphic\user_00114_task_4_le_fast.png,by_task\task_5_leto\dysgraphic\user_00114_task_5_leto.png,by_task\task_6_lamoken\dysgraphic\user_00114_task_6_lamoken.png,by_task\task_7_hrackarstvo\dysgraphic\user_00114_task_7_hrackarstvo.png,by_task\task_8_sentence\dysgraphic\user_00114_task_8_sentence.png
00115,dysgraphic,True,14,male,right,40,14314,9180,119.55,full_page\dysgraphic\user_00115_full.png,by_task\task_1_l_normal\dysgraphic\user_00115_task_1_l_normal.png,by_task\task_2_l_fast\dysgraphic\user_00115_task_2_l_fast.png,by_task\task_3_le_normal\dysgraphic\user_00115_task_3_le_normal.png,by_task\task_4_le_fast\dysgraphic\user_00115_task_4_le_fast.png,by_task\task_5_leto\dysgraphic\user_00115_task_5_leto.png,by_task\task_6_lamoken\dysgraphic\user_00115_task_6_lamoken.png,by_task\task_7_hrackarstvo\dysgraphic\user_00115_task_7_hrackarstvo.png,by_task\task_8_sentence\dysgraphic\user_00115_task_8_sentence.png
00118,dysgraphic,True,13,male,right,61,13167,7981,104.02,full_page\dysgraphic\user_00118_full.png,by_task\task_1_l_normal\dysgraphic\user_00118_task_1_l_normal.png,by_task\task_2_l_fast\dysgraphic\user_00118_task_2_l_fast.png,by_task\task_3_le_normal\dysgraphic\user_00118_task_3_le_normal.png,by_task\task_4_le_fast\dysgraphic\user_00118_task_4_le_fast.png,by_task\task_5_leto\dysgraphic\user_00118_task_5_leto.png,by_task\task_6_lamoken\dysgraphic\user_00118_task_6_lamoken.png,by_task\task_7_hrackarstvo\dysgraphic\user_00118_task_7_hrackarstvo.png,by_task\task_8_sentence\dysgraphic\user_00118_task_8_sentence.png
00119,unknown,False,,unknown,unknown,77,18405,12608,146.21,full_page\control\user_00119_full.png,by_task\task_1_l_normal\control\user_00119_task_1_l_normal.png,by_task\task_2_l_fast\control\user_00119_task_2_l_fast.png,by_task\task_3_le_normal\control\user_00119_task_3_le_normal.png,by_task\task_4_le_fast\control\user_00119_task_4_le_fast.png,by_task\task_5_leto\control\user_00119_task_5_leto.png,by_task\task_6_lamoken\control\user_00119_task_6_lamoken.png,by_task\task_7_hrackarstvo\control\user_00119_task_7_hrackarstvo.png,by_task\task_8_sentence\control\user_00119_task_8_sentence.png
00120,unknown,False,,unknown,unknown,56,15291,10706,139.13,full_page\control\user_00120_full.png,by_task\task_1_l_normal\control\user_00120_task_1_l_normal.png,by_task\task_2_l_fast\control\user_00120_task_2_l_fast.png,by_task\task_3_le_normal\control\user_00120_task_3_le_normal.png,by_task\task_4_le_fast\control\user_00120_task_4_le_fast.png,by_task\task_5_leto\control\user_00120_task_5_leto.png,by_task\task_6_lamoken\control\user_00120_task_6_lamoken.png,by_task\task_7_hrackarstvo\control\user_00120_task_7_hrackarstvo.png,by_task\task_8_sentence\control\user_00120_task_8_sentence.png
00121,unknown,False,,unknown,unknown,55,11493,7058,109.61,full_page\control\user_00121_full.png,by_task\task_1_l_normal\control\user_00121_task_1_l_normal.png,by_task\task_2_l_fast\control\user_00121_task_2_l_fast.png,by_task\task_3_le_normal\control\user_00121_task_3_le_normal.png,by_task\task_4_le_fast\control\user_00121_task_4_le_fast.png,by_task\task_5_leto\control\user_00121_task_5_leto.png,by_task\task_6_lamoken\control\user_00121_task_6_lamoken.png,by_task\task_7_hrackarstvo\control\user_00121_task_7_hrackarstvo.png,by_task\task_8_sentence\control\user_00121_task_8_sentence.png
00122,unknown,False,,unknown,unknown,62,23495,16917,195.47,full_page\control\user_00122_full.png,by_task\task_1_l_normal\control\user_00122_task_1_l_normal.png,by_task\task_2_l_fast\control\user_00122_task_2_l_fast.png,by_task\task_3_le_normal\control\user_00122_task_3_le_normal.png,by_task\task_4_le_fast\control\user_00122_task_4_le_fast.png,by_task\task_5_leto\control\user_00122_task_5_leto.png,by_task\task_6_lamoken\control\user_00122_task_6_lamoken.png,by_task\task_7_hrackarstvo\control\user_00122_task_7_hrackarstvo.png,by_task\task_8_sentence\control\user_00122_task_8_sentence.png
00124,unknown,False,,unknown,unknown,53,13505,8412,111.81,full_page\control\user_00124_full.png,by_task\task_1_l_normal\control\user_00124_task_1_l_normal.png,by_task\task_2_l_fast\control\user_00124_task_2_l_fast.png,by_task\task_3_le_normal\control\user_00124_task_3_le_normal.png,by_task\task_4_le_fast\control\user_00124_task_4_le_fast.png,by_task\task_5_leto\control\user_00124_task_5_leto.png,by_task\task_6_lamoken\control\user_00124_task_6_lamoken.png,by_task\task_7_hrackarstvo\control\user_00124_task_7_hrackarstvo.png,by_task\task_8_sentence\control\user_00124_task_8_sentence.png
00125,unknown,False,,unknown,unknown,49,17497,11972,149.91,full_page\control\user_00125_full.png,by_task\task_1_l_normal\control\user_00125_task_1_l_normal.png,by_task\task_2_l_fast\control\user_00125_task_2_l_fast.png,by_task\task_3_le_normal\control\user_00125_task_3_le_normal.png,by_task\task_4_le_fast\control\user_00125_task_4_le_fast.png,by_task\task_5_leto\control\user_00125_task_5_leto.png,by_task\task_6_lamoken\control\user_00125_task_6_lamoken.png,by_task\task_7_hrackarstvo\control\user_00125_task_7_hrackarstvo.png,by_task\task_8_sentence\control\user_00125_task_8_sentence.png
00128,unknown,False,,unknown,unknown,58,14296,8531,113.63,full_page\control\user_00128_full.png,by_task\task_1_l_normal\control\user_00128_task_1_l_normal.png,by_task\task_2_l_fast\control\user_00128_task_2_l_fast.png,by_task\task_3_le_normal\control\user_00128_task_3_le_normal.png,by_task\task_4_le_fast\control\user_00128_task_4_le_fast.png,by_task\task_5_leto\control\user_00128_task_5_leto.png,by_task\task_6_lamoken\control\user_00128_task_6_lamoken.png,by_task\task_7_hrackarstvo\control\user_00128_task_7_hrackarstvo.png,by_task\task_8_sentence\control\user_00128_task_8_sentence.png
00129,unknown,False,,unknown,unknown,55,13440,9468,120.77,full_page\control\user_00129_full.png,by_task\task_1_l_normal\control\user_00129_task_1_l_normal.png,by_task\task_2_l_fast\control\user_00129_task_2_l_fast.png,by_task\task_3_le_normal\control\user_00129_task_3_le_normal.png,by_task\task_4_le_fast\control\user_00129_task_4_le_fast.png,by_task\task_5_leto\control\user_00129_task_5_leto.png,by_task\task_6_lamoken\control\user_00129_task_6_lamoken.png,by_task\task_7_hrackarstvo\control\user_00129_task_7_hrackarstvo.png,by_task\task_8_sentence\control\user_00129_task_8_sentence.png
00130,unknown,False,,unknown,unknown,75,9914,6749,94.14,full_page\control\user_00130_full.png,by_task\task_1_l_normal\control\user_00130_task_1_l_normal.png,by_task\task_2_l_fast\control\user_00130_task_2_l_fast.png,by_task\task_3_le_normal\control\user_00130_task_3_le_normal.png,by_task\task_4_le_fast\control\user_00130_task_4_le_fast.png,by_task\task_5_leto\control\user_00130_task_5_leto.png,by_task\task_6_lamoken\control\user_00130_task_6_lamoken.png,by_task\task_7_hrackarstvo\control\user_00130_task_7_hrackarstvo.png,by_task\task_8_sentence\control\user_00130_task_8_sentence.png
00131,unknown,False,,unknown,unknown,57,15358,10612,140.86,full_page\control\user_00131_full.png,by_task\task_1_l_normal\control\user_00131_task_1_l_normal.png,by_task\task_2_l_fast\control\user_00131_task_2_l_fast.png,by_task\task_3_le_normal\control\user_00131_task_3_le_normal.png,by_task\task_4_le_fast\control\user_00131_task_4_le_fast.png,by_task\task_5_leto\control\user_00131_task_5_leto.png,by_task\task_6_lamoken\control\user_00131_task_6_lamoken.png,by_task\task_7_hrackarstvo\control\user_00131_task_7_hrackarstvo.png,by_task\task_8_sentence\control\user_00131_task_8_sentence.png
00133,unknown,False,,unknown,unknown,60,17410,10126,144.57,full_page\control\user_00133_full.png,by_task\task_1_l_normal\control\user_00133_task_1_l_normal.png,by_task\task_2_l_fast\control\user_00133_task_2_l_fast.png,by_task\task_3_le_normal\control\user_00133_task_3_le_normal.png,by_task\task_4_le_fast\control\user_00133_task_4_le_fast.png,by_task\task_5_leto\control\user_00133_task_5_leto.png,by_task\task_6_lamoken\control\user_00133_task_6_lamoken.png,by_task\task_7_hrackarstvo\control\user_00133_task_7_hrackarstvo.png,by_task\task_8_sentence\control\user_00133_task_8_sentence.png
00134,unknown,False,,unknown,unknown,51,16703,9656,196.59,full_page\control\user_00134_full.png,by_task\task_1_l_normal\control\user_00134_task_1_l_normal.png,by_task\task_2_l_fast\control\user_00134_task_2_l_fast.png,by_task\task_3_le_normal\control\user_00134_task_3_le_normal.png,by_task\task_4_le_fast\control\user_00134_task_4_le_fast.png,by_task\task_5_leto\control\user_00134_task_5_leto.png,by_task\task_6_lamoken\control\user_00134_task_6_lamoken.png,by_task\task_7_hrackarstvo\control\user_00134_task_7_hrackarstvo.png,by_task\task_8_sentence\control\user_00134_task_8_sentence.png
00135,unknown,False,,unknown,unknown,71,26568,17476,222.79,full_page\control\user_00135_full.png,by_task\task_1_l_normal\control\user_00135_task_1_l_normal.png,by_task\task_2_l_fast\control\user_00135_task_2_l_fast.png,by_task\task_3_le_normal\control\user_00135_task_3_le_normal.png,by_task\task_4_le_fast\control\user_00135_task_4_le_fast.png,by_task\task_5_leto\control\user_00135_task_5_leto.png,by_task\task_6_lamoken\control\user_00135_task_6_lamoken.png,by_task\task_7_hrackarstvo\control\user_00135_task_7_hrackarstvo.png,by_task\task_8_sentence\control\user_00135_task_8_sentence.png
00139,unknown,False,,unknown,unknown,80,20160,12512,182.76,full_page\control\user_00139_full.png,by_task\task_1_l_normal\control\user_00139_task_1_l_normal.png,by_task\task_2_l_fast\control\user_00139_task_2_l_fast.png,by_task\task_3_le_normal\control\user_00139_task_3_le_normal.png,by_task\task_4_le_fast\control\user_00139_task_4_le_fast.png,by_task\task_5_leto\control\user_00139_task_5_leto.png,by_task\task_6_lamoken\control\user_00139_task_6_lamoken.png,by_task\task_7_hrackarstvo\control\user_00139_task_7_hrackarstvo.png,by_task\task_8_sentence\control\user_00139_task_8_sentence.png
00141,unknown,False,,unknown,unknown,45,27749,20848,242.67,full_page\control\user_00141_full.png,by_task\task_1_l_normal\control\user_00141_task_1_l_normal.png,by_task\task_2_l_fast\control\user_00141_task_2_l_fast.png,by_task\task_3_le_normal\control\user_00141_task_3_le_normal.png,by_task\task_4_le_fast\control\user_00141_task_4_le_fast.png,by_task\task_5_leto\control\user_00141_task_5_leto.png,by_task\task_6_lamoken\control\user_00141_task_6_lamoken.png,by_task\task_7_hrackarstvo\control\user_00141_task_7_hrackarstvo.png,by_task\task_8_sentence\control\user_00141_task_8_sentence.png
00148,unknown,False,,unknown,unknown,65,9632,6074,86.47,full_page\control\user_00148_full.png,by_task\task_1_l_normal\control\user_00148_task_1_l_normal.png,by_task\task_2_l_fast\control\user_00148_task_2_l_fast.png,by_task\task_3_le_normal\control\user_00148_task_3_le_normal.png,by_task\task_4_le_fast\control\user_00148_task_4_le_fast.png,by_task\task_5_leto\control\user_00148_task_5_leto.png,by_task\task_6_lamoken\control\user_00148_task_6_lamoken.png,by_task\task_7_hrackarstvo\control\user_00148_task_7_hrackarstvo.png,by_task\task_8_sentence\control\user_00148_task_8_sentence.png
00149,unknown,False,,unknown,unknown,67,19741,11302,171.38,full_page\control\user_00149_full.png,by_task\task_1_l_normal\control\user_00149_task_1_l_normal.png,by_task\task_2_l_fast\control\user_00149_task_2_l_fast.png,by_task\task_3_le_normal\control\user_00149_task_3_le_normal.png,by_task\task_4_le_fast\control\user_00149_task_4_le_fast.png,by_task\task_5_leto\control\user_00149_task_5_leto.png,by_task\task_6_lamoken\control\user_00149_task_6_lamoken.png,by_task\task_7_hrackarstvo\control\user_00149_task_7_hrackarstvo.png,by_task\task_8_sentence\control\user_00149_task_8_sentence.png
00150,unknown,False,,unknown,unknown,65,15840,9508,132.97,full_page\control\user_00150_full.png,by_task\task_1_l_normal\control\user_00150_task_1_l_normal.png,by_task\task_2_l_fast\control\user_00150_task_2_l_fast.png,by_task\task_3_le_normal\control\user_00150_task_3_le_normal.png,by_task\task_4_le_fast\control\user_00150_task_4_le_fast.png,by_task\task_5_leto\control\user_00150_task_5_leto.png,by_task\task_6_lamoken\control\user_00150_task_6_lamoken.png,by_task\task_7_hrackarstvo\control\user_00150_task_7_hrackarstvo.png,by_task\task_8_sentence\control\user_00150_task_8_sentence.png
00158,unknown,False,,unknown,unknown,50,23179,16966,195.0,full_page\control\user_00158_full.png,by_task\task_1_l_normal\control\user_00158_task_1_l_normal.png,by_task\task_2_l_fast\control\user_00158_task_2_l_fast.png,by_task\task_3_le_normal\control\user_00158_task_3_le_normal.png,by_task\task_4_le_fast\control\user_00158_task_4_le_fast.png,by_task\task_5_leto\control\user_00158_task_5_leto.png,by_task\task_6_lamoken\control\user_00158_task_6_lamoken.png,by_task\task_7_hrackarstvo\control\user_00158_task_7_hrackarstvo.png,by_task\task_8_sentence\control\user_00158_task_8_sentence.png
00159,unknown,False,,unknown,unknown,60,21690,14306,177.6,full_page\control\user_00159_full.png,by_task\task_1_l_normal\control\user_00159_task_1_l_normal.png,by_task\task_2_l_fast\control\user_00159_task_2_l_fast.png,by_task\task_3_le_normal\control\user_00159_task_3_le_normal.png,by_task\task_4_le_fast\control\user_00159_task_4_le_fast.png,by_task\task_5_leto\control\user_00159_task_5_leto.png,by_task\task_6_lamoken\control\user_00159_task_6_lamoken.png,by_task\task_7_hrackarstvo\control\user_00159_task_7_hrackarstvo.png,by_task\task_8_sentence\control\user_00159_task_8_sentence.png
00160,unknown,False,,unknown,unknown,55,27011,20384,212.56,full_page\control\user_00160_full.png,by_task\task_1_l_normal\control\user_00160_task_1_l_normal.png,by_task\task_2_l_fast\control\user_00160_task_2_l_fast.png,by_task\task_3_le_normal\control\user_00160_task_3_le_normal.png,by_task\task_4_le_fast\control\user_00160_task_4_le_fast.png,by_task\task_5_leto\control\user_00160_task_5_leto.png,by_task\task_6_lamoken\control\user_00160_task_6_lamoken.png,by_task\task_7_hrackarstvo\control\user_00160_task_7_hrackarstvo.png,by_task\task_8_sentence\control\user_00160_task_8_sentence.png
00161,unknown,False,,unknown,unknown,50,24009,17418,192.91,full_page\control\user_00161_full.png,by_task\task_1_l_normal\control\user_00161_task_1_l_normal.png,by_task\task_2_l_fast\control\user_00161_task_2_l_fast.png,by_task\task_3_le_normal\control\user_00161_task_3_le_normal.png,by_task\task_4_le_fast\control\user_00161_task_4_le_fast.png,by_task\task_5_leto\control\user_00161_task_5_leto.png,by_task\task_6_lamoken\control\user_00161_task_6_lamoken.png,by_task\task_7_hrackarstvo\control\user_00161_task_7_hrackarstvo.png,by_task\task_8_sentence\control\user_00161_task_8_sentence.png
00162,unknown,False,,unknown,unknown,46,19234,15365,151.5,full_page\control\user_00162_full.png,by_task\task_1_l_normal\control\user_00162_task_1_l_normal.png,by_task\task_2_l_fast\control\user_00162_task_2_l_fast.png,by_task\task_3_le_normal\control\user_00162_task_3_le_normal.png,by_task\task_4_le_fast\control\user_00162_task_4_le_fast.png,by_task\task_5_leto\control\user_00162_task_5_leto.png,by_task\task_6_lamoken\control\user_00162_task_6_lamoken.png,by_task\task_7_hrackarstvo\control\user_00162_task_7_hrackarstvo.png,by_task\task_8_sentence\control\user_00162_task_8_sentence.png
00163,unknown,False,,unknown,unknown,63,19245,11394,150.24,full_page\control\user_00163_full.png,by_task\task_1_l_normal\control\user_00163_task_1_l_normal.png,by_task\task_2_l_fast\control\user_00163_task_2_l_fast.png,by_task\task_3_le_normal\control\user_00163_task_3_le_normal.png,by_task\task_4_le_fast\control\user_00163_task_4_le_fast.png,by_task\task_5_leto\control\user_00163_task_5_leto.png,by_task\task_6_lamoken\control\user_00163_task_6_lamoken.png,by_task\task_7_hrackarstvo\control\user_00163_task_7_hrackarstvo.png,by_task\task_8_sentence\control\user_00163_task_8_sentence.png
00165,unknown,False,,unknown,unknown,48,13812,10214,111.0,full_page\control\user_00165_full.png,by_task\task_1_l_normal\control\user_00165_task_1_l_normal.png,by_task\task_2_l_fast\control\user_00165_task_2_l_fast.png,by_task\task_3_le_normal\control\user_00165_task_3_le_normal.png,by_task\task_4_le_fast\control\user_00165_task_4_le_fast.png,by_task\task_5_leto\control\user_00165_task_5_leto.png,by_task\task_6_lamoken\control\user_00165_task_6_lamoken.png,by_task\task_7_hrackarstvo\control\user_00165_task_7_hrackarstvo.png,by_task\task_8_sentence\control\user_00165_task_8_sentence.png
00166,unknown,False,,unknown,unknown,49,23357,16597,184.35,full_page\control\user_00166_full.png,by_task\task_1_l_normal\control\user_00166_task_1_l_normal.png,by_task\task_2_l_fast\control\user_00166_task_2_l_fast.png,by_task\task_3_le_normal\control\user_00166_task_3_le_normal.png,by_task\task_4_le_fast\control\user_00166_task_4_le_fast.png,by_task\task_5_leto\control\user_00166_task_5_leto.png,by_task\task_6_lamoken\control\user_00166_task_6_lamoken.png,by_task\task_7_hrackarstvo\control\user_00166_task_7_hrackarstvo.png,by_task\task_8_sentence\control\user_00166_task_8_sentence.png
00167,unknown,False,,unknown,unknown,63,27526,19981,225.96,full_page\control\user_00167_full.png,by_task\task_1_l_normal\control\user_00167_task_1_l_normal.png,by_task\task_2_l_fast\control\user_00167_task_2_l_fast.png,by_task\task_3_le_normal\control\user_00167_task_3_le_normal.png,by_task\task_4_le_fast\control\user_00167_task_4_le_fast.png,by_task\task_5_leto\control\user_00167_task_5_leto.png,by_task\task_6_lamoken\control\user_00167_task_6_lamoken.png,by_task\task_7_hrackarstvo\control\user_00167_task_7_hrackarstvo.png,by_task\task_8_sentence\control\user_00167_task_8_sentence.png
00168,unknown,False,,unknown,unknown,57,17468,12082,138.18,full_page\control\user_00168_full.png,by_task\task_1_l_normal\control\user_00168_task_1_l_normal.png,by_task\task_2_l_fast\control\user_00168_task_2_l_fast.png,by_task\task_3_le_normal\control\user_00168_task_3_le_normal.png,by_task\task_4_le_fast\control\user_00168_task_4_le_fast.png,by_task\task_5_leto\control\user_00168_task_5_leto.png,by_task\task_6_lamoken\control\user_00168_task_6_lamoken.png,by_task\task_7_hrackarstvo\control\user_00168_task_7_hrackarstvo.png,by_task\task_8_sentence\control\user_00168_task_8_sentence.png
00169,unknown,False,,unknown,unknown,50,20281,15118,181.28,full_page\control\user_00169_full.png,by_task\task_1_l_normal\control\user_00169_task_1_l_normal.png,by_task\task_2_l_fast\control\user_00169_task_2_l_fast.png,by_task\task_3_le_normal\control\user_00169_task_3_le_normal.png,by_task\task_4_le_fast\control\user_00169_task_4_le_fast.png,by_task\task_5_leto\control\user_00169_task_5_leto.png,by_task\task_6_lamoken\control\user_00169_task_6_lamoken.png,by_task\task_7_hrackarstvo\control\user_00169_task_7_hrackarstvo.png,by_task\task_8_sentence\control\user_00169_task_8_sentence.png
00170,unknown,False,,unknown,unknown,50,31336,22268,246.22,full_page\control\user_00170_full.png,by_task\task_1_l_normal\control\user_00170_task_1_l_normal.png,by_task\task_2_l_fast\control\user_00170_task_2_l_fast.png,by_task\task_3_le_normal\control\user_00170_task_3_le_normal.png,by_task\task_4_le_fast\control\user_00170_task_4_le_fast.png,by_task\task_5_leto\control\user_00170_task_5_leto.png,by_task\task_6_lamoken\control\user_00170_task_6_lamoken.png,by_task\task_7_hrackarstvo\control\user_00170_task_7_hrackarstvo.png,by_task\task_8_sentence\control\user_00170_task_8_sentence.png
00171,unknown,False,,unknown,unknown,47,32758,26319,258.1,full_page\control\user_00171_full.png,by_task\task_1_l_normal\control\user_00171_task_1_l_normal.png,by_task\task_2_l_fast\control\user_00171_task_2_l_fast.png,by_task\task_3_le_normal\control\user_00171_task_3_le_normal.png,by_task\task_4_le_fast\control\user_00171_task_4_le_fast.png,by_task\task_5_leto\control\user_00171_task_5_leto.png,by_task\task_6_lamoken\control\user_00171_task_6_lamoken.png,by_task\task_7_hrackarstvo\control\user_00171_task_7_hrackarstvo.png,by_task\task_8_sentence\control\user_00171_task_8_sentence.png
00172,unknown,False,,unknown,unknown,52,31484,21864,259.0,full_page\control\user_00172_full.png,by_task\task_1_l_normal\control\user_00172_task_1_l_normal.png,by_task\task_2_l_fast\control\user_00172_task_2_l_fast.png,by_task\task_3_le_normal\control\user_00172_task_3_le_normal.png,by_task\task_4_le_fast\control\user_00172_task_4_le_fast.png,by_task\task_5_leto\control\user_00172_task_5_leto.png,by_task\task_6_lamoken\control\user_00172_task_6_lamoken.png,by_task\task_7_hrackarstvo\control\user_00172_task_7_hrackarstvo.png,by_task\task_8_sentence\control\user_00172_task_8_sentence.png
00173,unknown,False,,unknown,unknown,68,35488,26183,315.39,full_page\control\user_00173_full.png,by_task\task_1_l_normal\control\user_00173_task_1_l_normal.png,by_task\task_2_l_fast\control\user_00173_task_2_l_fast.png,by_task\task_3_le_normal\control\user_00173_task_3_le_normal.png,by_task\task_4_le_fast\control\user_00173_task_4_le_fast.png,by_task\task_5_leto\control\user_00173_task_5_leto.png,by_task\task_6_lamoken\control\user_00173_task_6_lamoken.png,by_task\task_7_hrackarstvo\control\user_00173_task_7_hrackarstvo.png,by_task\task_8_sentence\control\user_00173_task_8_sentence.png
00176,unknown,False,,unknown,unknown,48,13214,9369,115.53,full_page\control\user_00176_full.png,by_task\task_1_l_normal\control\user_00176_task_1_l_normal.png,by_task\task_2_l_fast\control\user_00176_task_2_l_fast.png,by_task\task_3_le_normal\control\user_00176_task_3_le_normal.png,by_task\task_4_le_fast\control\user_00176_task_4_le_fast.png,by_task\task_5_leto\control\user_00176_task_5_leto.png,by_task\task_6_lamoken\control\user_00176_task_6_lamoken.png,by_task\task_7_hrackarstvo\control\user_00176_task_7_hrackarstvo.png,by_task\task_8_sentence\control\user_00176_task_8_sentence.png
00177,unknown,False,,unknown,unknown,67,13740,7045,116.76,full_page\control\user_00177_full.png,by_task\task_1_l_normal\control\user_00177_task_1_l_normal.png,by_task\task_2_l_fast\control\user_00177_task_2_l_fast.png,by_task\task_3_le_normal\control\user_00177_task_3_le_normal.png,by_task\task_4_le_fast\control\user_00177_task_4_le_fast.png,by_task\task_5_leto\control\user_00177_task_5_leto.png,by_task\task_6_lamoken\control\user_00177_task_6_lamoken.png,by_task\task_7_hrackarstvo\control\user_00177_task_7_hrackarstvo.png,by_task\task_8_sentence\control\user_00177_task_8_sentence.png
00178,unknown,False,,unknown,unknown,61,11083,6579,97.79,full_page\control\user_00178_full.png,by_task\task_1_l_normal\control\user_00178_task_1_l_normal.png,by_task\task_2_l_fast\control\user_00178_task_2_l_fast.png,by_task\task_3_le_normal\control\user_00178_task_3_le_normal.png,by_task\task_4_le_fast\control\user_00178_task_4_le_fast.png,by_task\task_5_leto\control\user_00178_task_5_leto.png,by_task\task_6_lamoken\control\user_00178_task_6_lamoken.png,by_task\task_7_hrackarstvo\control\user_00178_task_7_hrackarstvo.png,by_task\task_8_sentence\control\user_00178_task_8_sentence.png
00179,unknown,False,,unknown,unknown,61,11251,6151,110.29,full_page\control\user_00179_full.png,by_task\task_1_l_normal\control\user_00179_task_1_l_normal.png,by_task\task_2_l_fast\control\user_00179_task_2_l_fast.png,by_task\task_3_le_normal\control\user_00179_task_3_le_normal.png,by_task\task_4_le_fast\control\user_00179_task_4_le_fast.png,by_task\task_5_leto\control\user_00179_task_5_leto.png,by_task\task_6_lamoken\control\user_00179_task_6_lamoken.png,by_task\task_7_hrackarstvo\control\user_00179_task_7_hrackarstvo.png,by_task\task_8_sentence\control\user_00179_task_8_sentence.png
00180,unknown,False,,unknown,unknown,56,13785,8377,111.65,full_page\control\user_00180_full.png,by_task\task_1_l_normal\control\user_00180_task_1_l_normal.png,by_task\task_2_l_fast\control\user_00180_task_2_l_fast.png,by_task\task_3_le_normal\control\user_00180_task_3_le_normal.png,by_task\task_4_le_fast\control\user_00180_task_4_le_fast.png,by_task\task_5_leto\control\user_00180_task_5_leto.png,by_task\task_6_lamoken\control\user_00180_task_6_lamoken.png,by_task\task_7_hrackarstvo\control\user_00180_task_7_hrackarstvo.png,by_task\task_8_sentence\control\user_00180_task_8_sentence.png
00181,unknown,False,,unknown,unknown,59,15908,10042,130.44,full_page\control\user_00181_full.png,by_task\task_1_l_normal\control\user_00181_task_1_l_normal.png,by_task\task_2_l_fast\control\user_00181_task_2_l_fast.png,by_task\task_3_le_normal\control\user_00181_task_3_le_normal.png,by_task\task_4_le_fast\control\user_00181_task_4_le_fast.png,by_task\task_5_leto\control\user_00181_task_5_leto.png,by_task\task_6_lamoken\control\user_00181_task_6_lamoken.png,by_task\task_7_hrackarstvo\control\user_00181_task_7_hrackarstvo.png,by_task\task_8_sentence\control\user_00181_task_8_sentence.png
00182,unknown,False,,unknown,unknown,66,14068,7722,116.93,full_page\control\user_00182_full.png,by_task\task_1_l_normal\control\user_00182_task_1_l_normal.png,by_task\task_2_l_fast\control\user_00182_task_2_l_fast.png,by_task\task_3_le_normal\control\user_00182_task_3_le_normal.png,by_task\task_4_le_fast\control\user_00182_task_4_le_fast.png,by_task\task_5_leto\control\user_00182_task_5_leto.png,by_task\task_6_lamoken\control\user_00182_task_6_lamoken.png,by_task\task_7_hrackarstvo\control\user_00182_task_7_hrackarstvo.png,by_task\task_8_sentence\control\user_00182_task_8_sentence.png
00183,unknown,False,,unknown,unknown,56,14802,9539,120.39,full_page\control\user_00183_full.png,by_task\task_1_l_normal\control\user_00183_task_1_l_normal.png,by_task\task_2_l_fast\control\user_00183_task_2_l_fast.png,by_task\task_3_le_normal\control\user_00183_task_3_le_normal.png,by_task\task_4_le_fast\control\user_00183_task_4_le_fast.png,by_task\task_5_leto\control\user_00183_task_5_leto.png,by_task\task_6_lamoken\control\user_00183_task_6_lamoken.png,by_task\task_7_hrackarstvo\control\user_00183_task_7_hrackarstvo.png,by_task\task_8_sentence\control\user_00183_task_8_sentence.png
00184,unknown,False,,unknown,unknown,89,10747,5668,98.64,full_page\control\user_00184_full.png,by_task\task_1_l_normal\control\user_00184_task_1_l_normal.png,by_task\task_2_l_fast\control\user_00184_task_2_l_fast.png,by_task\task_3_le_normal\control\user_00184_task_3_le_normal.png,by_task\task_4_le_fast\control\user_00184_task_4_le_fast.png,by_task\task_5_leto\control\user_00184_task_5_leto.png,by_task\task_6_lamoken\control\user_00184_task_6_lamoken.png,by_task\task_7_hrackarstvo\control\user_00184_task_7_hrackarstvo.png,by_task\task_8_sentence\control\user_00184_task_8_sentence.png
00185,unknown,False,,unknown,unknown,66,13790,8478,128.1,full_page\control\user_00185_full.png,by_task\task_1_l_normal\control\user_00185_task_1_l_normal.png,by_task\task_2_l_fast\control\user_00185_task_2_l_fast.png,by_task\task_3_le_normal\control\user_00185_task_3_le_normal.png,by_task\task_4_le_fast\control\user_00185_task_4_le_fast.png,by_task\task_5_leto\control\user_00185_task_5_leto.png,by_task\task_6_lamoken\control\user_00185_task_6_lamoken.png,by_task\task_7_hrackarstvo\control\user_00185_task_7_hrackarstvo.png,by_task\task_8_sentence\control\user_00185_task_8_sentence.png
00186,unknown,False,,unknown,unknown,52,9447,4752,83.51,full_page\control\user_00186_full.png,by_task\task_1_l_normal\control\user_00186_task_1_l_normal.png,by_task\task_2_l_fast\control\user_00186_task_2_l_fast.png,by_task\task_3_le_normal\control\user_00186_task_3_le_normal.png,by_task\task_4_le_fast\control\user_00186_task_4_le_fast.png,by_task\task_5_leto\control\user_00186_task_5_leto.png,by_task\task_6_lamoken\control\user_00186_task_6_lamoken.png,by_task\task_7_hrackarstvo\control\user_00186_task_7_hrackarstvo.png,by_task\task_8_sentence\control\user_00186_task_8_sentence.png
00187,unknown,False,,unknown,unknown,53,13774,8595,124.25,full_page\control\user_00187_full.png,by_task\task_1_l_normal\control\user_00187_task_1_l_normal.png,by_task\task_2_l_fast\control\user_00187_task_2_l_fast.png,by_task\task_3_le_normal\control\user_00187_task_3_le_normal.png,by_task\task_4_le_fast\control\user_00187_task_4_le_fast.png,by_task\task_5_leto\control\user_00187_task_5_leto.png,by_task\task_6_lamoken\control\user_00187_task_6_lamoken.png,by_task\task_7_hrackarstvo\control\user_00187_task_7_hrackarstvo.png,by_task\task_8_sentence\control\user_00187_task_8_sentence.png
00189,unknown,False,,unknown,unknown,56,15763,9753,140.95,full_page\control\user_00189_full.png,by_task\task_1_l_normal\control\user_00189_task_1_l_normal.png,by_task\task_2_l_fast\control\user_00189_task_2_l_fast.png,by_task\task_3_le_normal\control\user_00189_task_3_le_normal.png,by_task\task_4_le_fast\control\user_00189_task_4_le_fast.png,by_task\task_5_leto\control\user_00189_task_5_leto.png,by_task\task_6_lamoken\control\user_00189_task_6_lamoken.png,by_task\task_7_hrackarstvo\control\user_00189_task_7_hrackarstvo.png,by_task\task_8_sentence\control\user_00189_task_8_sentence.png
00190,unknown,False,,unknown,unknown,55,10342,6261,96.36,full_page\control\user_00190_full.png,by_task\task_1_l_normal\control\user_00190_task_1_l_normal.png,by_task\task_2_l_fast\control\user_00190_task_2_l_fast.png,by_task\task_3_le_normal\control\user_00190_task_3_le_normal.png,by_task\task_4_le_fast\control\user_00190_task_4_le_fast.png,by_task\task_5_leto\control\user_00190_task_5_leto.png,by_task\task_6_lamoken\control\user_00190_task_6_lamoken.png,by_task\task_7_hrackarstvo\control\user_00190_task_7_hrackarstvo.png,by_task\task_8_sentence\control\user_00190_task_8_sentence.png
00191,unknown,False,,unknown,unknown,68,13928,8780,118.53,full_page\control\user_00191_full.png,by_task\task_1_l_normal\control\user_00191_task_1_l_normal.png,by_task\task_2_l_fast\control\user_00191_task_2_l_fast.png,by_task\task_3_le_normal\control\user_00191_task_3_le_normal.png,by_task\task_4_le_fast\control\user_00191_task_4_le_fast.png,by_task\task_5_leto\control\user_00191_task_5_leto.png,by_task\task_6_lamoken\control\user_00191_task_6_lamoken.png,by_task\task_7_hrackarstvo\control\user_00191_task_7_hrackarstvo.png,by_task\task_8_sentence\control\user_00191_task_8_sentence.png
00192,unknown,False,,unknown,unknown,55,8680,6017,70.86,full_page\control\user_00192_full.png,by_task\task_1_l_normal\control\user_00192_task_1_l_normal.png,by_task\task_2_l_fast\control\user_00192_task_2_l_fast.png,by_task\task_3_le_normal\control\user_00192_task_3_le_normal.png,by_task\task_4_le_fast\control\user_00192_task_4_le_fast.png,by_task\task_5_leto\control\user_00192_task_5_leto.png,by_task\task_6_lamoken\control\user_00192_task_6_lamoken.png,by_task\task_7_hrackarstvo\control\user_00192_task_7_hrackarstvo.png,by_task\task_8_sentence\control\user_00192_task_8_sentence.png
